compani,2282
will,1370
salmon,1179
year,1053
seafood,1029
percent,1019
fish,969
product,961
price,830
oper,779
group,763
market,722
farm,609
million,606
produc,595
base,563
land,547
salmon_farm,534
mowi,488
increas,487
intrafish,473
harvest,456
sale,448
plan,445
invest,442
project,438
norway,425
export,418
site,411
ceo,407
aquacultur,397
told,396
facil,383
report,374
cost,373
industri,367
expect,363
russia,362
around,360
process,339
develop,332
includ,330
nt,327
per,322
share,320
volum,313
largest,313
accord,312
continu,309
time,303
manag,301
last_year,300
work,299
busi,295
suppli,295
food,294
salmar,294
feed,291
norwegian,286
can,285
month,279
sustain,278
result,276
growth,275
retail,272
use,271
higher,270
announc,265
ad,262
import,256
execut,253
valu,251
canada,250
countri,247
impact,245
follow,245
russian,242
world,237
global,237
close,236
move,224
deal,224
current,222
level,222
major,221
part,221
chile,219
fund,214
earn,213
demand,213
loss,212
fisheri,212
week,210
consum,209
main,208
sector,207
need,204
giant,204
trade,202
come,201
investor,200
revenu,198
supplier,198
challeng,197
total,195
offer,192
sea,192
region,192
may,191
atlantic_sapphir,190
iceland,184
ukrain,183
based_salmon_farm,183
board,181
alaska,181
director,181
govern,179
earlier,179
end,179
across,178
recent,177
quarter,176
brand,175
start,173
addit,173
reach,171
number,170
technolog,170
remain,169
posit,169
uk,167
strong,167
ocean,167
custom,166
acquir,166
sever,164
grow,164
rais,163
sourc,163
capit,163
build,163
licens,160
united_st,160
despit,160
complet,160
signific,160
phase,159
chang,159
plant,158
covid,157
issu,157
good,156
last,155
firm,155
scotland,154
list,154
area,153
sharehold,152
sell,152
rise,152
decis,151
larg,151
reduc,148
look,148
construct,148
farmer,148
nr,148
nation,147
cermaq,147
processor,146
cook,146
estim,145
agreement,144
alreadi,144
hold,142
much,142
term,141
system,140
earli,140
record,140
first_quart,139
post,139
buy,139
fresh,138
place,138
support,137
far,137
bid,136
water,133
due,131
compar,131
pandem,130
relat,129
purchas,129
peopl,128
help,128
salmon_pric,128
interest,128
analyst,128
acquisit,128
kg,128
divis,128
smolt,127
note,125
provid,124
europ,123
lead,123
gener,122
launch,122
potenti,122
offshor,121
financi,121
show,121
billion,120
tax,120
step,119
lower,119
march,118
mortal,118
improv,117
set,115
size,115
annual,115
kilo,115
pound,113
state,113
face,112
expans,112
last_week,112
partner,112
ra,111
day,111
case,111
financ,111
former,110
egg,110
frozen,110
fish_farm,109
approv,109
nok,109
contract,109
shrimp,109
want,108
target,108
futur,108
run,107
stock,107
owner,106
initi,106
kilogram,105
ago,105
averag,104
begin,104
receiv,104
fourth_quart,103
amount,103
secur,103
head,103
saw,102
ebitda,101
among,101
subsidiari,101
environment,101
author,101
local,101
commerci,100
bakkafrost,100
bristol_bay,100
creat,99
vessel,99
british_columbia,99
scale,99
cod,98
ton,98
commun,97
low,97
buyer,97
six,97
trout,97
key,96
pay,96
confirm,96
profit,96
sold,96
april,96
avail,95
sign,95
salmon_produc,95
found,95
earnings_before_interest,95
januari,95
american,95
altern,95
deliv,94
nearli,94
account,94
grieg,94
season,94
next,93
releas,93
lot,93
capac,93
june,93
norway_royal_salmon,92
opportun,92
call,92
salmonor,91
expand,91
perform,91
fall,91
rang,91
combin,91
grieg_seafood,91
activ,90
line,90
declin,90
cargil,90
open,89
atlantic_salmon,88
farmed_salmon,88
commit,88
risk,88
role,87
past,87
yet,87
ship,87
protein,87
friday,87
china,86
speci,86
significantli,86
third,86
raw_materi,86
top,86
period,86
rate,86
worker,85
qualiti,85
situat,85
marin,85
return,85
intern,84
join,84
organ,84
requir,83
believ,83
ingredi,83
wild,83
third_quart,83
inflat,82
skret,82
better,82
find,82
employe,82
strategi,82
littl,81
focu,81
blue,81
associ,81
propos,81
member,81
permit,80
applic,80
forc,80
name,80
differ,79
becom,79
meet,79
give,79
think,79
allow,78
big,78
japan,77
biolog,77
round,77
health,77
supply_chain,76
contain,76
appoint,76
coast,76
research,75
bring,75
drop,75
depreci,74
full,74
scottish,74
doubl,74
co,74
aqua,74
right,73
small,73
final,73
stop,73
servic,73
privat,73
pre,73
push,72
eu,72
multi,72
enter,72
sanction,72
turn,72
given,72
hit,72
exist,71
logist,71
amort,71
presid,71
success,71
locat,71
data,70
accept,70
metric,70
affect,70
canadian,70
point,70
though,70
east,69
partnership,69
hope,69
genet,69
repres,69
particularli,69
forward,69
depart,68
aim,68
concern,68
limit,68
mean,68
equip,68
program,68
court,68
figur,67
condit,67
drive,67
overal,67
near,67
readi,67
control,67
aker,67
based_salmon,66
problem,66
order,66
offic,66
involv,66
possibl,66
invas,66
south,66
team,65
alleg,65
almost,65
februari,65
consid,65
chairman,65
approxim,65
job,65
econom,64
foodservic,64
struggl,64
war,64
stake,64
latest,64
lost,64
money,64
although,64
today,64
review,64
restaur,63
bc,63
cage,63
within,63
neg,63
prior,62
renew,62
octob,62
benefit,62
algal_bloom,62
hire,62
experi,62
kingfish,62
aquabounti,62
seafood_compani,62
pollock,61
equiti,61
norwegian_salmon_farm,61
segment,61
monday,61
public,61
caus,61
cite,60
west,60
harvest_volum,60
led,60
event,60
margin,60
catch,60
salmon_evolut,60
emerg,60
respons,59
togeth,59
novemb,59
offici,59
away,59
comment,59
effect,59
climat,59
establish,59
benchmark,59
later,59
serv,59
miami,59
wednesday,58
septemb,58
hand,58
fulli,58
clear,58
claim,58
north,58
similar,58
achiev,57
worth,57
famili,57
toward,57
minist,57
premium,57
sockey,57
must,57
news,57
rose,57
regul,56
employ,56
fishermen,56
replac,56
northern,56
biomar,56
began,56
forecast,56
ireland,56
nutreco,56
store,56
smaller,56
updat,55
massiv,55
home,55
fillet,55
founder,55
abl,55
inform,55
design,55
know,55
same_period,54
salmon_product,54
nordic_aquafarm,54
stage,54
share_pric,54
camanchaca,54
anim,54
isa,54
chilean,54
effort,54
thing,54
whitefish,54
pressur,54
competit,53
incid,53
held,53
consumpt,53
agre,53
fell,53
enough,53
merger,53
usda,53
larger,53
hilton,53
present,53
solut,52
rule,52
yellowtail,52
ahead,52
newfoundland,52
tilapia,52
shift,52
innov,52
attract,52
environ,52
protect,52
ongo,51
came,51
european,51
denmark,51
lawsuit,51
green,51
reason,51
recirculating_aquaculture_system,51
aquafarm,51
decemb,51
oil,51
late,51
stabl,51
difficult,51
domest,50
non,50
19_pandem,50
smoked_salmon,50
biggest,50
took,50
discovery_island,50
sea_lic,50
investig,50
seafood_industri,49
natur,49
cannot,49
farmed_salmon_pric,49
suffer,49
hard,49
labor,49
thursday,49
best,48
shortag,48
bank,48
next_week,48
private_equ,48
mitsubishi,48
tradit,48
atlant,48
statement,48
previou,48
chief,48
direct,48
focus,48
netpen,48
remov,48
cfo,48
player,47
joint_ventur,47
summer,47
consult,47
hatcheri,47
transport,47
percent_increas,47
crab,47
ukrainian,47
behind,47
ventur,47
origin,47
footprint,47
energi,47
short,47
experienc,47
unit,46
danish,46
measur,46
action,46
delay,46
central,46
net,46
form,46
agenc,46
rel,46
resourc,46
first_half,46
chilean_salmon_farm,46
feb,46
akva,46
slightli,45
date,45
transact,45
driven,45
tri,45
biomass,45
decad,45
soar,45
smoke,45
keep,45
singl,45
staff,45
done,45
distribut,45
processing_pl,45
japanes,45
first_nat,45
surg,45
settlement,45
known,45
surpris,45
categori,45
contribut,45
leas,45
arctic_fish,44
submit,44
recent_year,44
whole_ocean,44
bay,44
label,44
goal,44
king,44
chain,43
decid,43
climb,43
great,43
corpor,43
half,43
happen,43
meanwhil,43
pacif,43
tuesday,43
oslo,43
august,43
aquachil,43
blumar,43
built,43
cut,43
escap,43
approach,43
factori,43
lack,43
effici,42
adjust,42
factor,42
ebit,42
ban,42
particular,42
portfolio,42
next_year,42
laxar,42
test,42
shipment,42
carbon,41
previous,41
thai_union,41
along,41
social,41
leroy,41
play,41
crisi,41
prepar,41
southern,41
martin,41
star,41
asia,41
extrem,41
predict,41
island,41
peter_pan,41
takeov,41
integr,41
asset,41
aquaculture_fe,41
platform,41
cash,41
respect,41
vote,40
salmon_farming_industri,40
fact,40
economi,40
treatment,40
ask,40
institut,40
emiss,40
trend,40
critic,40
mainli,40
juli,40
leav,40
supermarket,39
act,39
highest,39
welfar,39
council,39
reflect,39
weight,39
north_america,38
loan,38
visa,38
nutrit,38
independ,38
gut,38
meat,38
die,38
normal,38
jb,38
temperatur,38
disrupt,38
option,38
ex,38
fishmeal,37
same_tim,37
expens,37
maruha_nichiro,37
taken,37
poland,37
ensur,37
maintain,37
depend,37
wild_salmon,37
western,37
instead,37
unclear,37
extend,36
whole,36
xai,36
coho,36
administr,36
territori,36
parti,36
uncertainti,36
dutch,36
mark,36
fine,36
agricultur,36
probabl,36
sanford,36
restrict,36
longer,36
battl,36
appli,36
light,36
power,35
certain,35
freight,35
merg,35
decreas,35
deliveri,35
gain,35
faroes,35
file,35
access,35
huge,35
without,35
percent_stak,35
eat,35
specif,34
boost,34
franc,34
conglomer,34
spark,34
survey,34
recoveri,34
standard,34
especi,34
quota,34
advisor,34
item,34
carri,34
variou,34
sharp,34
someth,34
center,34
detail,34
flow,34
wholesal,34
australian,34
alway,34
senior,34
reveal,34
salmon_compani,34
production_capac,33
america,33
faroe_island,33
materi,33
jan,33
feder,33
indic,33
huon,33
cold,33
metric_ton,33
us_market,33
quit,33
track,33
acceler,33
advantag,33
copper_riv,33
viru,33
rank,33
advanc,33
entir,33
leader,33
citi,32
packag,32
link,32
young,32
infrastructur,32
strateg,32
discuss,32
caught,32
andfjord_salmon,32
seem,32
united_kingdom,32
channel,32
paid,32
dollar,32
moment,32
bit,32
aquaculture_industri,32
greater,32
wide,32
seafood_gi,32
dnb,31
recov,31
last_month,31
reduct,31
strong_demand,31
salmon_industri,31
exampl,31
salmones_camanchaca,31
particip,31
monitor,31
side,31
ice_fish_farm,31
talk,31
thank,31
ultim,31
fellow,31
weigh,31
understand,31
disclos,31
request,31
first_tim,31
tassal,31
bought,31
scottish_sea_farm,31
second_quart,30
extens,30
debt,30
eastern,30
ownership,30
steelhead,30
except,30
sharpli,30
oslo_stock_exchang,30
award,30
engin,30
gaso,30
grant,30
faro,30
handl,30
border,30
fuel,30
increasingli,30
fjord,30
warn,30
left,30
string,30
pink,30
implement,30
cycl,30
strengthen,30
histor,29
lift,29
winter,29
separ,29
rival,29
thousand,29
via,29
startup,29
schedul,29
sent,29
index,29
regulatori,29
air,29
live,29
high_pric,29
media,29
beyond,29
florida,29
manufactur,29
icelandic_salmon,29
engag,29
aud,29
went,29
grown,29
french,29
setback,29
ambit,29
nordic,29
red,29
eight,29
amid,29
trident,29
foppen,29
batch,29
tech,28
truck,28
relationship,28
fire,28
chill,28
appear,28
promot,28
nine,28
mowi_canada,28
special,28
necessari,28
freshwat,28
recommend,28
sound,28
either,28
excit,28
becam,28
thought,28
spokesperson,28
sure,28
timelin,28
address,27
value_chain,27
nordlak,27
scott,27
realli,27
outsid,27
parent_compani,27
few_year,27
de,27
obi,27
ground,27
blame,27
soon,27
second_half,27
enabl,27
netherland,27
credit,27
seek,27
charg,27
meter,27
mid,27
norwegian_aquacultur,27
stock_exchang,27
coastal,27
port,27
pilot,27
sockeye_salmon,27
feed_giant,26
technic,26
nzd,26
fail,26
mass,26
cover,26
real,26
walmart,26
australia,26
santa,26
sernapesca,26
fredrikstad,26
ikea,26
bluehous,26
consolid,26
bbrsda,26
care,26
document,26
helg,26
partli,26
attack,26
pareto_secur,26
portion,26
mackerel,26
tank,26
wait,26
univers,26
throughout,26
semi,26
pen,26
progress,26
coupl,26
model,26
regard,26
compet,26
cove,26
framework,26
stori,26
barg,26
arm,26
determin,26
favor,26
exceed,26
lockdown,25
spring,25
provinc,25
slow,25
shetland,25
ambiti,25
hiddenfjord,25
anyth,25
might,25
new_zealand,25
nova_austr,25
alaska_pollock,25
fish_health,25
halt,25
fleet,25
vaccin,25
free,25
murray,25
capabl,25
transit,25
alon,25
growout,25
substanti,25
newli,25
alga,25
individu,25
detect,25
valuabl,25
remot,25
certif,25
smokehous,25
view,25
giant_mowi,25
digit,24
wast,24
williksen,24
pass,24
seafood_sector,24
pure_salmon,24
witzo,24
send,24
assess,24
oxygen,24
space,24
elect,24
convert,24
new_zealand_king_salmon,24
rosrybolovstvo,24
explain,24
seven,24
human,24
johannessen,24
grimsbi,24
assist,24
lawyer,24
town,24
everyon,24
impos,24
reidi,24
mix,24
cooper,24
storag,24
circl,24
complic,24
tesco,24
river,24
heavili,24
transfer,24
boston,23
letter,23
happi,23
prevent,23
learn,23
spain,23
hike,23
protocol,23
fight,23
output,23
asc,23
whose,23
unlik,23
identifi,23
samherji,23
california,23
aquaculture_sector,23
black,23
consist,23
deep,23
salmon_market,23
gap,23
often,23
kitasoo,23
structur,23
boundari,23
northern_norway,23
shellfish,23
quickli,23
vindheim,23
dramat,23
legal,23
cours,23
collabor,23
chilean_salmon_produc,23
fast,23
highlight,23
breach,23
austevol,23
divers,23
fear,23
commiss,22
indigen,22
nova_scotia,22
salmones_austr,22
shock,22
person,22
ramp,22
diversifi,22
law,22
break,22
norwegian_salmon,22
salmon_fe,22
arnarlax,22
occur,22
directli,22
nielsen,22
pack,22
game,22
rub,22
fish_fe,22
boric,22
campaign,22
proximar,22
util,22
dec,22
bloom,22
solid,22
wage,22
financial_year,22
esg,22
concret,22
exclus,22
hear,22
joint,22
stand,22
fiscal_year,22
lose,22
holiday,22
presenc,22
rabobank,22
brought,21
hot,21
fix,21
based_aquacultur,21
jacobsen,21
vice_presid,21
rafferti,21
rest,21
slip,21
outbreak,21
consequ,21
toll,21
disappoint,21
awar,21
multipl,21
damag,21
eid,21
fairr,21
basi,21
grew,21
attempt,21
formerli,21
matur,21
diseas,21
pain,21
explor,21
bodi,21
add,21
everyth,21
practic,21
district,21
seri,21
driver,21
costco,21
kind,21
turnov,21
typic,21
sit,21
garcia,21
shelf,21
rocket,21
respond,20
easi,20
spot,20
fertil,20
leadership,20
acm,20
colleagu,20
variant,20
closur,20
private_plac,20
salmonid,20
studi,20
highli,20
ceo_ivan_vindheim,20
concept,20
cargo,20
prove,20
arctic,20
degre,20
poor,20
klemtu,20
workforc,20
conflict,20
jump,20
statu,20
negoti,20
optim,20
pelagia,20
somewhat,20
roughli,20
domestic_market,20
fish_oil,20
larsen,20
onset,20
cooke_aquacultur,20
core,20
reli,20
healthi,20
halibut,20
aysen,20
question,20
pleas,20
knowledg,20
travel,19
christma,19
tuna,19
soy,19
convent,19
risen,19
restructur,19
mandat,19
primarili,19
avoid,19
ink,19
salmon_harvest,19
publicli,19
trial,19
icicl,19
veteran,19
safeti,19
threaten,19
same_quart,19
offset,19
confid,19
new_york,19
leroy_seafood_group,19
cell,19
tast,19
foundat,19
tripl,19
interim,19
lake,19
pictur,19
watch,19
weak,19
suggest,19
profil,19
eventu,19
blow,19
barcelona,19
synergi,19
infectious_salmon_anemia,19
class,19
grigg,19
re,18
roll,18
intend,18
previous_year,18
costa,18
exit,18
notabl,18
select,18
fresh_salmon,18
fewer,18
upgrad,18
loch,18
municip,18
middl,18
satisfi,18
full_year,18
outlook,18
publish,18
pace,18
russian_aquacultur,18
milarex,18
convers,18
nativ,18
promis,18
brazil,18
cruis,18
nyc,18
certifi,18
princ,18
finland,18
foreign,18
simpli,18
task,18
fortun,18
websit,18
onlin,18
rajeswaran,18
conduct,18
insur,18
plenti,18
hour,18
anticip,18
balanc,18
broodstock,18
welcom,18
sole,18
prioriti,18
life,17
son,17
enhanc,17
introduc,17
sparebank,17
sens,17
therefor,17
immedi,17
upon,17
ordinari,17
australi,17
pelag,17
nikolik,17
histori,17
breed,17
versu,17
airfreight,17
modifi,17
costli,17
uniqu,17
stay,17
tell,17
room,17
bad,17
percent_drop,17
berg,17
volatil,17
hurdl,17
exchang,17
chose,17
spend,17
rebound,17
steven,17
headquart,17
got,17
primari,17
complex,17
medium,17
tie,17
ron,17
north_american,17
minor,17
fallen,17
feel,17
heim,17
weather,17
masov,16
type,16
worldwid,16
departur,16
prospect,16
constitut,16
refer,16
meal,16
pull,16
worri,16
kelli,16
suit,16
devast,16
haroy,16
recogn,16
demonstr,16
network,16
aldi,16
true,16
hatlebrekk,16
finish,16
linkedin,16
reject,16
algal,16
won,16
subsequ,16
drag,16
ga,16
win,16
indr,16
joyc,16
omicron,16
stakehold,16
scienc,16
washington,16
downgrad,16
production_cost,16
agrosup,16
hansen,16
oblig,16
isi,16
matter,16
calcul,16
excel,16
rottingsn,16
fli,16
oxygen_level,16
sainsburi,16
first_harvest,16
expo,16
spent,16
andreassen,16
realiz,16
describ,16
mi,16
choic,16
expertis,16
pick,16
tlowitsi,16
refus,16
analyt,16
naess,16
wrote,16
icelandic_salmon_farm,16
seller,16
seawat,16
froy,16
press,16
van,16
spoke,15
fit,15
proce,15
fair,15
bucksport,15
stolt,15
neighbor,15
bergen,15
consider,15
method,15
plane,15
illeg,15
mussel,15
chilean_salmon,15
termin,15
resid,15
kmaq,15
count,15
multiexport,15
coo,15
smith,15
gustav,15
appeal,15
cap,15
rebel,15
temporarili,15
stabil,15
hendrix,15
foot,15
norwegian_seafood,15
salari,15
clean,15
average_pric,15
last_friday,15
gm,15
magallan,15
salmon_sal,15
seed,15
smoker,15
based_salmon_farmer_atlantic_sapphir,15
dead,15
switch,15
schwartz,15
shop,15
parent,15
insect,15
cultur,15
norwegian_salmon_pric,15
perman,15
norwegian_salmon_produc,15
reserv,15
bleiker,15
nevertheless,15
salmon_gi,15
outstand,15
gave,15
sepa,15
kvaln,15
amend,15
abil,15
flat,15
ricardo,15
bigger,15
threat,15
violat,15
oversea,15
rorvik,15
sore,15
closer,15
troubl,15
dialogu,14
ceo_johan_andreassen,14
nissui,14
legisl,14
intent,14
seattl,14
scope,14
noth,14
putin,14
lobster,14
enterpris,14
infect,14
formal,14
barent,14
seriou,14
societi,14
clearli,14
clearwat,14
incom,14
paul,14
irish,14
scottish_salmon,14
tough,14
nil,14
spread,14
realiti,14
havbruk,14
journey,14
underway,14
robert,14
skjaeveland,14
belong,14
remaind,14
ride,14
upward,14
deploy,14
mileston,14
kick,14
subject,14
royal,14
felt,14
daili,14
percent_year,14
squar,14
outcom,14
postpon,14
idea,14
commod,14
jointli,14
correspond,14
mention,14
dongwon,14
sweden,14
european_union,14
match,14
actual,14
contact,14
judg,14
distributor,14
inspect,14
aquaco,14
senat,14
expir,14
dedic,14
minim,14
complaint,14
impress,14
incred,14
aarskog,13
unabl,13
assur,13
hesit,13
vatn,13
tasmania,13
prefer,13
strain,13
boat,13
definit,13
bond,13
watcher,13
leif,13
noaa,13
sampl,13
partial,13
indian,13
essenti,13
insight,13
hostlund,13
korean,13
stronger,13
passeng,13
ebit_per_kilo,13
rural,13
chines,13
strength,13
confer,13
zone,13
write,13
carl,13
rosewarn,13
wheat,13
medicin,13
lawmak,13
bet,13
affair,13
shv,13
novel,13
norwegian_seafood_council,13
dri,13
lunch,13
correct,13
ministri,13
lice,13
pioneer,13
unusu,13
proport,13
fill,13
hous,13
common,13
entri,13
ufc,13
clement,13
geograph,13
slight,13
path,13
collaps,13
evid,13
surround,13
faster,13
winner,13
purpos,13
fourth,13
imposs,13
quiet,13
kontali,13
morrison,13
failur,13
version,13
solv,13
relev,13
dawnfresh,13
attend,13
attent,13
align,13
cross,13
obtain,13
bumbl,12
strike,12
hog,12
rspca,12
rica,12
suffici,12
exact,12
compens,12
recycl,12
tight,12
candid,12
hundr,12
rapidli,12
cowan,12
veterinari,12
astaxanthin,12
labrador,12
opinion,12
await,12
pareto,12
lesh,12
piec,12
india,12
beach,12
germani,12
ifarm,12
thb,12
epa,12
mayb,12
percentag,12
plu,12
profession,12
emil,12
maximum,12
decker,12
shown,12
steadi,12
nordbi,12
cleantreat,12
pois,12
temporari,12
carnegi,12
resign,12
bulk,12
slide,12
bee,12
revis,12
polic,12
gorton,12
directorate_of_fisheri,12
modern,12
diaz,12
specul,12
basic,12
delight,12
afternoon,12
bere,12
weekend,12
leroy_seafood,12
polici,12
massachusett,12
conting,12
pompano,12
farmed_salmon_product,12
seat,12
road,12
eye,12
vladimir,12
inflationari,12
pollut,12
harm,12
extraordinari,12
rainforest,12
express,12
ewo,12
withdraw,12
snap,12
knock,12
disclosur,12
prevail,12
defend,12
preliminari,12
adf,12
school,12
national_fisheri,12
unpreced,12
conserv,12
intrafish_sister_publ,12
repeat,12
fallout,12
ideal,12
adopt,12
bcsfa,12
voluntari,12
polish,12
backer,12
chilean_salmon_industri,12
stick,12
rather,12
undertak,12
perhap,12
storo,12
latin,12
lengthi,12
collect,12
maruha,12
settl,12
notic,11
wind,11
sma,11
split,11
farstad,11
los_lago,11
operating_profit,11
afford,11
vike,11
outlet,11
helgason,11
brazilian,11
morn,11
autumn,11
salmon_process,11
paper,11
cardena,11
let,11
monthli,11
hartmann,11
seawe,11
soften,11
salmon_sector,11
doubt,11
weaken,11
counter,11
kroner,11
shut,11
billionair,11
ing,11
tariff,11
interview,11
flexibl,11
latter,11
dn,11
wider,11
properti,11
overcom,11
pose,11
ahousaht,11
extra,11
norebo,11
cad,11
argu,11
microalga,11
optimist,11
finfish,11
sixth,11
formul,11
miss,11
haddock,11
invit,11
popular,11
reportedli,11
chanc,11
influenc,11
humphrey,11
exactli,11
korea,11
peter,11
broad,11
glenn,11
asian,11
weight_class,11
burn,11
mile,11
suspect,11
mab,11
shipyard,11
thoughtless,11
tout,11
wake,11
aspect,11
inject,11
surimi,11
mettler,11
expert,11
bill,11
salmon_per_year,11
tenur,11
vertic,11
gabriel,11
la,11
secretari,11
capita,11
diversif,11
speak,11
worsen,11
inventori,11
alexand,11
sept,11
proxim,11
pork,11
begun,11
peloru,11
jeronimo,11
based_salmon_produc,11
christian,11
shore,11
ceas,11
murmansk,11
women,11
superior,11
aquaculture_stewardship_council,11
wellboat,11
grain,11
arriv,11
wink,10
accommod,10
confus,10
brexit,10
union,10
format,10
proven,10
jeopardi,10
fledgl,10
lidl,10
revers,10
spanish,10
deadlin,10
stretch,10
tribal,10
extern,10
unveil,10
gardar,10
kjola,10
prompt,10
crowdfund,10
vancouv,10
dfo,10
self,10
aquamaof,10
elev,10
scottish_salmon_compani,10
broaden,10
victor,10
aquacon,10
mitsui,10
bjorn,10
meant,10
reit,10
ohio,10
email,10
disput,10
wulf,10
visscher,10
domin,10
han,10
aid,10
guy,10
upper,10
heard,10
dynam,10
nov,10
bullish,10
recruit,10
thompson,10
struck,10
marketplac,10
peak,10
helm,10
hoia,10
gouldsboro,10
creation,10
urgent,10
salmon_season,10
wave,10
hudson,10
sought,10
agenda,10
pathogen,10
urg,10
gram,10
career,10
encourag,10
succe,10
downstream,10
asid,10
counti,10
warm,10
mistrust,10
belaru,10
sometim,10
aller,10
juchniewicz,10
roerink,10
seafarm,10
friedman,10
fundrais,10
fulfil,10
pr,10
minimum,10
connect,10
listeria,10
charl,10
humanitarian,10
easter,10
inclus,10
intellig,10
wholli,10
messag,10
pella,10
biomarin,10
front,10
kyiv,10
guard,10
leverag,10
guidanc,10
forum,10
london,10
shelv,10
npfmc,10
shortli,10
kjell,10
heat,10
kilomet,10
streak,10
dispos,10
plastic,10
permiss,10
wood,10
campbel,10
slice,10
moor,10
strongli,10
coronaviru,10
dine,10
sinkaberghansen,10
succeed,10
mistak,10
flight,10
robust,10
san,10
usa,10
rout,10
deni,10
eas,10
rapid,10
book,10
richardson,10
yellow,9
vari,9
dozen,9
seabream,9
hospit,9
unchang,9
keeler,9
sebastian,9
nova,9
floor,9
leftov,9
department_of_fish,9
instal,9
gallagh,9
destroy,9
vision,9
traffic,9
acr,9
surviv,9
conclus,9
age,9
longtim,9
sand,9
headwind,9
england,9
operational_ebit,9
aas,9
antarctica,9
equival,9
coven,9
nasdaq,9
dividend,9
uncertain,9
error,9
recognit,9
machin,9
morocco,9
facilit,9
steep,9
liner,9
rough,9
bremor,9
decept,9
atlantic_salmon_farm,9
paus,9
polit,9
veget,9
dismiss,9
safe,9
annual_report,9
character,9
taxat,9
mitig,9
farmed_salmonid,9
washington_st,9
float,9
lowest,9
plummet,9
bernt,9
rebuilt,9
emphas,9
halldorsson,9
scanbio,9
aggress,9
firmli,9
taxonomi,9
obviou,9
plantish,9
smart,9
salmonchil,9
munkebo,9
draw,9
rokk,9
olav,9
barbara,9
orkney,9
globe,9
inde,9
tend,9
bamberg,9
northwest,9
page,9
evalu,9
accus,9
mer,9
rattl,9
answer,9
contend,9
agri,9
mine,9
regular,9
northeast,9
attribut,9
background,9
breivik,9
greenland,9
analysi,9
martec,9
overproduct,9
box,9
insan,9
boe,9
fee,9
gradual,9
fiskeldi,9
advis,9
aukner,9
mari,9
clp,9
gross,9
kmk,9
allianc,9
dolmen,9
airport,9
narrow,9
none,9
mislead,9
compound,9
exposur,9
kjetil,9
landmark,9
bio,9
sizeabl,9
bankruptci,9
sink,9
obvious,9
outbid,9
midt,9
tavish,9
equal,9
defin,9
spike,9
finger,9
beef,9
rockwel,9
expos,9
transform,9
andr,9
stream,9
swedish,9
andoya,9
suspend,9
retir,9
overturn,9
ten,9
nordea,9
proceed,9
pond,9
badinotti,9
flown,9
groundfish,9
viabl,9
vice,9
deputi,9
proof,9
ltd,9
combat,9
plaintiff,9
compon,9
sky,9
collus,9
militari,8
accid,8
perspect,8
menu,8
capex,8
iri,8
extent,8
mathiesen,8
ola,8
based_salmon_product,8
therebi,8
reopen,8
bite,8
draft,8
anti,8
warehous,8
swiss,8
marubeni,8
regin,8
evolv,8
conclud,8
rush,8
ai,8
adapt,8
contrast,8
simpl,8
valuat,8
acut,8
hofseth,8
norcod,8
input,8
sight,8
broader,8
hawk,8
alloc,8
troop,8
softwar,8
scene,8
sylvia,8
bondo,8
haug,8
payout,8
varieti,8
steinvik,8
regal,8
plow,8
indiana,8
wors,8
era,8
gigant,8
cremoux,8
diesel,8
nomin,8
victim,8
peer,8
bounc,8
stabel,8
certainli,8
fargo,8
breakfast,8
renat,8
noonan,8
jess,8
someon,8
fruit,8
ami,8
rear,8
knut,8
brokerag,8
vet,8
seachil,8
ceo_andreas_kvam,8
dream,8
prais,8
heavi,8
station,8
governor,8
notifi,8
stein,8
sissen,8
depth,8
cartel,8
gault,8
overse,8
lithuania,8
mcmahon,8
exhibit,8
indoor,8
powder,8
written,8
neither,8
treat,8
trucker,8
competitor,8
erik,8
stofnfiskur,8
met,8
foodi,8
ova,8
deforest,8
bar,8
prfood,8
deeper,8
signal,8
seaahead,8
salisburi,8
editor,8
diet,8
mill,8
deriv,8
map,8
karelia,8
reloc,8
pump,8
yield,8
cancel,8
biobio,8
destin,8
layani,8
represent,8
publix,8
search,8
africa,8
del,8
cheaper,8
popul,8
otherwis,8
pharmaq,8
pet,8
fetch,8
klau,8
pivot,8
seabass,8
gear,8
payment,8
upcom,8
choos,8
frustrat,8
prohibit,8
onto,8
absolut,8
discoveri,8
southeast,8
discount,8
standen,8
iceco,8
cool,8
kame,8
trillion,8
necessarili,8
hub,8
perch,8
analyz,8
pereira,8
valley,8
serious,8
uptick,8
deepli,8
divid,8
storm,8
gill,8
morpol,8
ka,8
meaning,8
terjesen,8
dent,8
chemic,8
wall,8
mike,8
leap,8
owe,8
branch,8
scientif,8
cull,7
pretti,7
debut,7
myklebust,7
dsm,7
clariti,7
underlin,7
plate,7
sea_farm,7
specialist,7
mandatori,7
inabl,7
advertis,7
bbsi,7
assum,7
fri,7
attorney,7
coller,7
resili,7
proud,7
intens,7
heavyweight,7
currenc,7
vega,7
torr,7
krai,7
wathn,7
bauer,7
offload,7
backdrop,7
salt,7
carolina,7
gardermoen,7
finnmark,7
gone,7
door,7
rogaland,7
artec,7
banner,7
thrive,7
educ,7
budget,7
span,7
skjaeran,7
video,7
turnaround,7
wildtyp,7
hjorth,7
perfect,7
chosen,7
puerto,7
spill,7
placement,7
gbl,7
viciunai,7
dislik,7
trajectori,7
atlanti,7
ounc,7
audit,7
habitat,7
guarante,7
inc,7
aakr,7
newspap,7
word,7
salmon_export,7
lak,7
atlantic_salmon_product,7
norwegian_salmon_giant_mowi,7
bray,7
ilya,7
swell,7
kept,7
jose,7
antey,7
born,7
austral,7
alaska_salmon,7
petursson,7
alongsid,7
supplement,7
heart,7
sheet,7
friend,7
angel,7
german,7
geographi,7
nearbi,7
johansen,7
canfisco,7
phaseout,7
lender,7
momentum,7
downward,7
ecuador,7
nervou,7
imag,7
coordin,7
vitriol,7
gsa,7
resolv,7
aquafe,7
cargill_aqua_nutrit,7
jonsson,7
specialti,7
michael,7
cloud,7
bornstein,7
ngo,7
discontinu,7
woe,7
admit,7
plankton,7
steer,7
terboli,7
vityaz,7
rememb,7
accur,7
aug,7
edward,7
greenhous,7
crucial,7
isk,7
mind,7
localcoho,7
chum,7
landeldi,7
grakjaer,7
dip,7
villa,7
wealth,7
wallet,7
crazi,7
mar,7
membership,7
man,7
peterson,7
entiti,7
trace,7
plagu,7
enthusiast,7
jr,7
trader,7
kawesqar,7
kupyansk,7
complianc,7
deem,7
hybrid,7
field,7
children,7
bakken,7
movement,7
regist,7
desir,7
silver_bay,7
cvrf,7
chart,7
shutdown,7
unanim,7
princip,7
novogratz,7
drama,7
isra,7
elsewher,7
joel,7
talent,7
insid,7
retain,7
reluct,7
pattern,7
guidelin,7
electr,7
tighten,7
usual,7
widen,7
kraft,7
wise,7
enjoy,7
exclud,7
okhotsk,7
laid,7
gutierrez,7
davidovich,7
fantast,7
tom,7
declar,7
amazon,7
scottish_salmon_farm,7
trine,7
appetit,7
motion,7
ann,7
techniqu,7
quantiti,7
ssf,7
reaction,7
color,7
spirit,7
kill,7
routin,7
difficulti,7
crush,7
phenomen,7
flag,7
hjaltland,7
scientist,7
kaldn,7
fastest,7
behavior,7
vesteralen,7
pipelin,7
adjac,7
nich,7
edg,7
aquatraz,7
inlet,7
nfi,7
thommessen,7
kamchatka,7
coastlin,7
scrutini,7
nsedc,7
boom,7
stewardship_council,7
pigment,6
fingerl,6
vigo,6
hurt,6
holm,6
varp,6
easier,6
aquatech,6
shopper,6
seafood_investor_forum,6
professor,6
bluglaci,6
hectar,6
based_salmon_compani,6
compromis,6
rebellion,6
trond,6
bottom,6
saltwat,6
conveni,6
sam,6
tangvik,6
shortfal,6
convinc,6
ambient,6
tasmanian,6
strand,6
nomad,6
mall,6
farming_industri,6
belief,6
scottish_salmon_produc,6
brooklyn,6
norsk_havbruk,6
aquabyt,6
singapor,6
blaze,6
load,6
dwyer,6
scaleaq,6
eager,6
transpar,6
schreven,6
acknowledg,6
juvenil,6
ventisquero,6
occupi,6
code,6
landscap,6
procur,6
disast,6
harbor,6
race,6
weaker,6
unaccept,6
tribe,6
nanobubbl,6
nationwid,6
passion,6
sister,6
frp,6
uae,6
opaqu,6
insolv,6
daniel,6
aandahl,6
albert,6
licenc,6
opposit,6
ident,6
hang,6
euthan,6
johannesen,6
horizon,6
wai,6
bregal,6
vegan,6
boulogn,6
club,6
superintend,6
recal,6
nonprofit,6
mostli,6
freezer,6
foothold,6
stemsrud,6
death,6
verso,6
read,6
castro,6
pool,6
unrest,6
spearhead,6
asl,6
brynjolfsson,6
undergo,6
coldwat,6
surrey,6
jeff,6
byproduct,6
reinholdtsen,6
stem,6
block,6
william,6
cellular,6
revok,6
wit,6
aquaculture_feed_gi,6
circular,6
counterpart,6
punish,6
tabl,6
fishin,6
kokkola,6
harder,6
poultri,6
skill,6
fate,6
warmer,6
usag,6
dmr,6
chansiri,6
protest,6
oxarfjordur,6
vast,6
fredriksen,6
root,6
honey,6
kuterra,6
clausen,6
enorm,6
extract,6
grade,6
dog,6
saic,6
height,6
recur,6
trigger,6
moratorium,6
spawn,6
sushi,6
save,6
shoulder,6
conced,6
classif,6
featur,6
ignor,6
democrat,6
purif,6
visit,6
examin,6
tokyo,6
pure,6
african,6
artifici,6
oppos,6
allegedli,6
advic,6
secondari,6
seab,6
audienc,6
oust,6
strait,6
cluster,6
appropri,6
downey,6
brandt,6
fiskefarm,6
nutrient,6
resum,6
dampen,6
stood,6
der,6
explod,6
coalit,6
robinson,6
malek,6
admiss,6
hole,6
aircraft,6
itali,6
vaxxinova,6
nsc,6
crop,6
carlo,6
fiskeoppdrett,6
kepler,6
empir,6
texa,6
prolong,6
bear,6
equat,6
ag,6
cubic,6
unexpect,6
johnsen,6
gnp,6
saethr,6
keen,6
victori,6
saturday,6
raw,6
hatch,6
thoma,6
bain,6
fynd,6
boss,6
spencer,6
els,6
hunt,6
qingdao,6
unfortun,6
tackl,6
tim,6
quick,6
slower,6
sofina,6
malaspina,6
husbandri,6
liquid,6
creadev,6
mckinley,6
suspens,6
ian,6
white,6
summa,6
check,6
ness,6
moder,6
relief,6
compel,6
alf,6
sum,6
sur,6
feenstra,6
pittman,6
gannon,6
unsur,6
barn,6
downturn,6
wherea,6
lovik,6
squeez,6
westfjord,6
shovel,6
chri,6
whilst,6
marine_harvest,6
edit,6
unknown,6
rasmussen,6
jon,6
committe,6
eiendom,6
carrier,6
reliabl,6
kleiman,5
caution,5
keohan,5
appar,5
spot_pric,5
reassur,5
object,5
bomb,5
advisori,5
theme,5
cushion,5
score,5
advers,5
unsold,5
intak,5
fairli,5
underli,5
amar,5
creativ,5
overhead,5
safeguard,5
palm,5
chair,5
substitut,5
love,5
cautiou,5
stress,5
granheim,5
lithuanian,5
wrong,5
bright,5
feedback,5
euclid,5
catastroph,5
pursu,5
verdan,5
thailand,5
dagen,5
congress,5
mast,5
nord,5
richard,5
healthier,5
krill,5
condemn,5
ellekja,5
alli,5
qualifi,5
mainten,5
scallop,5
canner,5
quest,5
stuart,5
repair,5
bjarnason,5
doj,5
slump,5
char,5
northwestern,5
leg,5
rodo,5
arbroath,5
francisco,5
submers,5
physic,5
padt,5
autom,5
keta,5
cheuvreux,5
toler,5
cp,5
surprisingli,5
tick,5
finnish,5
decristoforo,5
danon,5
gannet,5
subsea,5
aquabiotech,5
buoy,5
upsid,5
restor,5
consent,5
mayor,5
brouwer,5
barrier,5
angu,5
minut,5
nofima,5
scrutin,5
guid,5
subscrib,5
wheel,5
thu,5
client,5
kala,5
overproduc,5
euronext,5
subsist,5
shrink,5
buck,5
chip,5
corona,5
offenc,5
introduct,5
british,5
drove,5
extinguish,5
truli,5
rebuild,5
soil,5
speed,5
naeringsliv,5
comparison,5
log,5
stark,5
fraud,5
valid,5
inevit,5
montt,5
valderhaug,5
avto,5
bjornar,5
citizen,5
rodoy,5
idaho,5
humboldt,5
petter,5
dung,5
asf,5
jordan,5
scandinavian,5
lie,5
groceri,5
mega,5
loom,5
bezo,5
ester,5
bonus,5
arturo,5
taiwan,5
burgeon,5
fishglob,5
behalf,5
ryan,5
panel,5
salad,5
norwegian_salmon_compani,5
brynjar,5
trondelag,5
discov,5
grab,5
slowli,5
furnitur,5
absorb,5
neutral,5
captain,5
multitroph,5
panama,5
elimin,5
men,5
harass,5
setup,5
scrambl,5
uddingston,5
toyama,5
ramon,5
beatti,5
stewart,5
agro,5
bidder,5
romuld,5
vartdal,5
bap,5
statkraft,5
ii,5
charlott,5
supervisori,5
upheav,5
teeth,5
tveteraa,5
basket,5
shake,5
waitros,5
headlin,5
hefti,5
moscow,5
undoubtedli,5
einar,5
reel,5
seal,5
wonder,5
heimon,5
adfg,5
sashimi,5
bottleneck,5
aquaconnect,5
rican,5
den,5
complain,5
easili,5
farmed_salmon_produc,5
park,5
beij,5
provinci,5
nautic,5
joyvio,5
appreci,5
mordal,5
secret,5
centr,5
constraint,5
oatmeal,5
bouley,5
kirk,5
lend,5
lent,5
quarterli,5
maryland,5
hjetland,5
cordova,5
honor,5
revo,5
afk,5
payrol,5
redund,5
bind,5
narr,5
gorel,5
lo,5
dan,5
fluctuat,5
sexual,5
clarifi,5
bluetech,5
mit,5
unless,5
upsw,5
wear,5
commenc,5
overwhelmingli,5
plain,5
tighter,5
market_shar,5
hail,5
annex,5
regain,5
snapper,5
withdrew,5
heijn,5
tremend,5
norg,5
mr,5
widespread,5
chinese_market,5
downsiz,5
tool,5
thoroughli,5
chilean_salmon_compani,5
resist,5
greatest,5
ice,5
steadili,5
stuck,5
sludg,5
fundament,5
trip,5
younger,5
vietnam,5
roy,5
feasibl,5
aquagen,5
criteria,5
migrat,5
swing,5
eagl,5
holder,5
shestakov,5
icon,5
duti,5
cast,5
vulner,5
micro,5
stanc,5
oy,5
procedur,5
taylor,5
hakon,5
encompass,5
russel,5
turbul,5
agribusi,5
roe,5
shoreland,5
brief,5
alpin,5
suddenli,5
coverag,5
outlin,5
aquaproduct,5
famou,5
atmospher,5
exec,5
duart,5
amaz,5
ark,5
context,5
kuboli,5
cement,5
endeavour,5
reliant,5
pebbl,5
affili,5
egersund,5
unsustain,5
rainbow,5
ecosystem,5
norwegian_seafood_compani,5
parliament,5
lumber,5
tap,5
brian,5
shell,5
joe,5
undertaken,5
mfn,5
rare,5
asker,5
reshuffl,4
deli,4
prize,4
norsk,4
overshadow,4
household,4
laboratori,4
atl,4
wash,4
evolut,4
master,4
bbnc,4
increment,4
remuner,4
caslow,4
iffo,4
nushagak,4
chandler,4
southeastern,4
vandepitt,4
biotech,4
refin,4
annapoli,4
endur,4
ole,4
crown,4
fcf,4
connor,4
constantli,4
notif,4
edibl,4
oregon,4
misraji,4
su,4
se,4
jim,4
limbo,4
plung,4
compil,4
gordon,4
spoken,4
ove,4
phil,4
newland,4
mcmanu,4
roald,4
scath,4
profand,4
armannsson,4
exercis,4
clam,4
stranger,4
shutter,4
muscl,4
satisfactori,4
hvistendahl,4
bioga,4
mask,4
waiver,4
merchandis,4
strang,4
mccarthi,4
hick,4
section,4
inher,4
legend,4
skyrocket,4
ragnar,4
bendik,4
department_of_fisheri,4
outpac,4
portug,4
bubbl,4
penetr,4
bumper,4
hypertherm,4
unprofit,4
jen,4
grace,4
comput,4
sex,4
stapelj,4
straight,4
ivar,4
nfcu,4
canning,4
contributor,4
farmed_salmon_harvest,4
chao,4
watersh,4
sena,4
wipe,4
odd,4
cto,4
gastro,4
pfo,4
pour,4
chinook,4
lock,4
reuter,4
kwiakah,4
onshor,4
element,4
dock,4
mainland,4
loe,4
linda,4
smash,4
stuff,4
gbp,4
rein,4
packer,4
frame,4
lyon,4
insuffici,4
priorit,4
arrest,4
crack,4
rectifi,4
cma,4
hors,4
inshor,4
richest,4
elbow,4
basebal,4
superyacht,4
lax,4
credenti,4
greec,4
band,4
prawn,4
angl,4
algalprimedha,4
guilt,4
rebrand,4
casual,4
skye,4
dc,4
priscila,4
sabotag,4
incorrectli,4
salin,4
bound,4
peninsula,4
holmoy,4
smoked_salmon_produc,4
markey,4
exhibitor,4
car,4
topic,4
occup,4
bergjord,4
provision,4
noray,4
card,4
tragic,4
thai,4
renam,4
antioxid,4
samuel,4
hell,4
estat,4
percent_year_on_year,4
foodcorp,4
henc,4
salmosan,4
touch,4
exacerb,4
ohad,4
burdock,4
teichman,4
viral,4
compris,4
hectic,4
testimoni,4
chop,4
submiss,4
savelyev,4
mcneela,4
maritim,4
retrofit,4
turmoil,4
arena,4
vegetarian,4
tumbl,4
rollercoast,4
bridg,4
karl,4
salmon_giant_mowi,4
kai,4
albeit,4
mariann,4
ebit_per_kilogram,4
abruptli,4
empti,4
exempt,4
slash,4
faith,4
metcalf,4
nab,4
titl,4
friendli,4
nippon,4
aris,4
booth,4
uoriki,4
implic,4
outer,4
jeongseon,4
lund,4
turnkey,4
suitabl,4
gorjan,4
whooley,4
rigor,4
keg,4
jersey,4
cent,4
dharma,4
distanc,4
densiti,4
haugan,4
bolster,4
refuge,4
twist,4
quot,4
waterfront,4
persist,4
karlsen,4
luca,4
norlax,4
inaugur,4
compli,4
sturgeon,4
sail,4
liabil,4
basin,4
kid,4
belfast,4
opt,4
maxim,4
subdu,4
super,4
dilig,4
fraction,4
unprovok,4
farmed_salmon_export,4
petit,4
rhetor,4
petersburg,4
geopolit,4
sunday,4
asmi,4
pathway,4
maj,4
johnson,4
keith,4
milburn,4
ora,4
frequent,4
fierc,4
lar,4
norwegian_salmon_market,4
threshold,4
sprout,4
contractu,4
gen,4
fishmong,4
punta,4
ectosan,4
sudden,4
par,4
sams,4
pan,4
sintef,4
adequ,4
broken,4
quadrupl,4
personnel,4
biofeyn,4
scour,4
kaisha,4
mainstream,4
dragon,4
year_on_year,4
pend,4
pena,4
kinneen,4
copper,4
cyclic,4
batter,4
klepp,4
tender,4
smallest,4
politician,4
danger,4
planet,4
yorkshir,4
conspir,4
sandagato,4
trail,4
train,4
scalabl,4
andfjord,4
surfac,4
hake,4
spell,4
safeway,4
stun,4
defens,4
kvame,4
gather,4
beat,4
hadlock,4
gibson,4
effluent,4
gregersen,4
bycatch,4
surpass,4
host,4
kristin,4
ander,4
rodger,4
wish,4
circul,4
pride,4
street,4
auction,4
sigmundarhu,4
calvo,4
bjordal,4
jooma,4
galtung,4
arizona,4
crimea,4
necess,4
conson,4
ran,4
thorough,4
queen,4
radio,4
radic,4
tropic,4
recircul,4
maiman,4
trust,4
ecuadorian,4
lessen,4
fallow,4
icewat,4
unstabl,4
festiv,4
entrepreneur,4
cyber,4
guilti,4
dioxid,4
forev,4
flagship,4
differenti,4
vital,4
suisan,4
realist,4
magnuson,4
array,4
assort,4
wild_salmon_harvest,4
qfc,4
cheap,4
crime,4
powerhous,4
board_of_director,4
runaway,4
turkey,4
sundheim,4
geir,4
casa,4
reliev,4
helland,4
calmer,4
ok,4
songa,4
umitron,4
invoic,4
worst,4
sub,4
bbedc,4
israel,4
lyngoy,4
drost,4
misreport,4
dfa,4
riski,4
destruct,4
memorandum,4
cdq,4
penalti,4
rosselkhoznadzor,4
statist,4
heighten,4
theres,4
bartlett,4
contractor,4
courard,4
tonnag,4
emphasi,4
ferment,4
simon,4
prefectur,4
flee,4
fled,4
philip,4
meatbal,4
herald,4
spur,4
nordic_aqua_partn,4
estuari,4
withdrawn,4
observ,4
motiv,4
antibiot,4
pranger,4
eriksrod,4
nonresid,4
slug,4
pike,4
aquaculture_system,4
skaeveland,3
foul,3
whitefish_farm,3
pullin,3
paperwork,3
glass,3
exce,3
sakhalin,3
svarthamar,3
haarlem,3
classifi,3
reshap,3
revolv,3
shorter,3
conner,3
guntvedt,3
slate,3
fisken,3
seventur,3
committ,3
navig,3
salmon_processing_pl,3
bookrunn,3
yadran,3
stack,3
ampl,3
entail,3
fabbro,3
eagerli,3
wellb,3
hiatu,3
enclos,3
sooner,3
glasgow,3
jame,3
shadow,3
remind,3
armi,3
reiter,3
actor,3
flood,3
notwithstand,3
nosediv,3
oversight,3
spate,3
embark,3
frigorifico,3
prerequisit,3
ipo,3
archeolog,3
svegaarden,3
legun,3
saelemyr,3
ruiz,3
kona,3
tore,3
overhaul,3
civilian,3
fisherman,3
landcatch,3
ngati,3
internet,3
seventh,3
unpredict,3
fresh_salmon_market,3
forthcom,3
sad,3
sat,3
prime,3
retaliatori,3
screen,3
spotlight,3
fair_value_adjust,3
claw,3
inter,3
wade,3
philadelphia,3
antoon,3
heb,3
hen,3
mick,3
havfarm,3
collin,3
adam,3
tv,3
roadway,3
harri,3
laud,3
luck,3
vest,3
bedford,3
underw,3
ceil,3
male,3
biden,3
circumst,3
kuntzsch,3
geotherm,3
nugget,3
farmed_salmon_per_year,3
guest,3
overtim,3
goycoolea,3
arson,3
bellingham,3
gold,3
alaska_salmon_season,3
dicaprio,3
synthet,3
cri,3
overwhelm,3
saether,3
bell,3
chalaczkiewicz,3
euro,3
johan,3
lester,3
spink,3
pharmaceut,3
santi,3
akaroa,3
talli,3
un,3
kvaernstuen,3
alarm,3
chiavelli,3
discrimin,3
summit,3
monterey,3
leonardo,3
adepal,3
grower,3
senja,3
emot,3
hydrozoan,3
larco,3
slid,3
offcut,3
crimin,3
lamb,3
decommiss,3
bump,3
variabl,3
perish,3
unnam,3
david,3
scarc,3
stricter,3
stoppag,3
nyuzen,3
brey,3
haldorsen,3
ispor,3
familiar,3
lucki,3
raceway,3
ball,3
columbia,3
coffe,3
newest,3
imprison,3
incent,3
captur,3
hamraborg,3
documentari,3
scorch,3
pitfal,3
ecolog,3
grate,3
lumarin,3
nurseri,3
hedg,3
pinch,3
chef,3
galan,3
conagra,3
katapult,3
insula,3
impair,3
filtrat,3
diagnos,3
fragment,3
suitor,3
soraa,3
bread,3
somasundaram,3
baltic,3
render,3
wastewat,3
contenti,3
luxuri,3
smoked_salmon_product,3
europeenn,3
afloat,3
unparallel,3
drawn,3
unfold,3
prison,3
hoist,3
scenario,3
cape,3
retreat,3
bori,3
bore,3
creek,3
brunswick,3
absenc,3
kvf,3
walton,3
omega,3
regret,3
primorskiy,3
kraisorn,3
arnarfjordur,3
underestim,3
saith,3
dive,3
flourish,3
favorit,3
michel,3
smoked_salmon_sal,3
ethic,3
window,3
wrap,3
rational,3
carp,3
helton,3
tomorrow,3
traction,3
myhr,3
satellit,3
importantli,3
surveil,3
rescu,3
bernadett,3
ratio,3
threefold,3
paramet,3
rippl,3
gwt,3
overview,3
exploit,3
zverev,3
abund,3
schouw,3
mikalsen,3
psd,3
cascad,3
contagi,3
underwat,3
airlin,3
quinlan,3
podcast,3
wholes,3
polar,3
ridden,3
articl,3
solicit,3
jensen,3
consecut,3
excess,3
soldier,3
caleta,3
injuri,3
kwilmu,3
archipelago,3
embrac,3
nystoyl,3
ege,3
sentenc,3
trailer,3
neil,3
dirt,3
adher,3
unintend,3
hyper,3
catcher,3
reydarfirdi,3
numer,3
isol,3
zigrand,3
kroger,3
nve,3
reith,3
characterist,3
outright,3
lepag,3
traceabl,3
pwc,3
blend,3
katz,3
culinari,3
nichola,3
gender,3
button,3
stifl,3
austria,3
infest,3
perceiv,3
justic,3
hickman,3
georg,3
dissolv,3
fare,3
elus,3
cattl,3
blake,3
discharg,3
ocado,3
timet,3
stride,3
christoph,3
jellyfish,3
ben,3
bed,3
uptak,3
sinkaberg,3
wreak,3
smooth,3
statt,3
nergard,3
spree,3
backlog,3
contin,3
journal,3
freedom,3
pacifico,3
fredrik,3
voic,3
cesar,3
chaleur,3
pedro,3
interpret,3
reykjan,3
avenu,3
robertson,3
roof,3
fredrikstadt,3
biotechnolog,3
crew,3
galitsyn,3
content,3
clayoquot,3
minu,3
don,3
refinanc,3
pledg,3
mealworm,3
bag,3
gunnar,3
cousin,3
wolffish,3
commission,3
suppress,3
deepen,3
anchor,3
mexico,3
alimentar,3
redevelop,3
kit,3
unfair,3
dean,3
insecur,3
forb,3
fort,3
transferr,3
derail,3
phone,3
customari,3
dim,3
coincid,3
bow,3
everybodi,3
peru,3
galletu,3
appel,3
demolish,3
orest,3
maw,3
max,3
deposit,3
estero,3
hutchin,3
readili,3
rock,3
montoya,3
principl,3
ystmark,3
consortium,3
trahar,3
nolan,3
gislason,3
hivju,3
peltola,3
sardenberg,3
spars,3
calendar,3
dkk,3
norwegian_seafood_industri,3
recaptur,3
tour,3
pal,3
macro,3
workplac,3
mcdonald,3
pile,3
grip,3
roar,3
quietli,3
gorg,3
strawberri,3
insati,3
escal,3
atland,3
parcel,3
bangor,3
zero,3
skeptic,3
abu,3
mull,3
variat,3
collater,3
tveiten,3
counterclaim,3
abandon,3
onslaught,3
comfort,3
radar,3
adventur,3
sobey,3
fylkesn,3
portland,3
hart,3
print,3
rogotzk,3
kathrin,3
quepo,3
sildarvinnslan,3
calysta,3
kw,3
beinn,3
mhss,3
molvik,3
pellet,3
paleolog,3
lion,3
macgregor,3
toledo,3
subscript,3
broughton,3
digbi,3
sardin,3
ewe,3
dhabi,3
recreat,3
spenc,3
shape,3
kommers,3
pei,3
saltir,3
patient,3
predat,3
lesson,3
curb,3
roen,3
cater,3
alekseev,3
remark,3
hersoug,3
celsiu,3
wild_salmon_season,3
ll,3
tension,3
upris,3
matt,3
norwegian_salmon_gi,3
grobest,3
kvidul,3
nobodi,3
springboard,3
tide,3
kodiak,3
altor,3
alaskan,3
regularli,3
kazakhstan,3
danielsen,3
apolog,3
torsk,3
scottish_salmon_industri,3
upbeat,3
doneg,3
ill,3
namgi,3
airspac,3
judgment,3
farmed_salmon_market,3
labinov,3
gmo,3
bookbuild,3
nofina,3
giacaman,3
backbon,3
porou,3
skattum,3
lingalak,3
certainti,3
mcmillan,3
pig,3
krupenko,3
undisclos,3
hide,3
troutlodg,3
changer,3
md,3
stadt,3
overrid,3
santand,3
badli,3
parallel,3
espersen,3
comprehens,3
depress,3
expenditur,3
rightshold,3
incub,3
snow,3
predominantli,3
glow,3
oct,3
aquarium,3
irregular,3
dabrowa,3
wound,3
suburb,3
lebrun,3
sockeye_salmon_harvest,3
arbitrari,3
hung,3
panelist,3
cora,3
cork,3
corp,3
civil,3
moeller,3
lago,3
chelminska,3
trim,3
estonia,3
tip,3
public_off,3
rob,3
celebr,3
brother,3
kamp,3
rethink,3
andi,3
percept,3
msc,3
chapter,3
prototyp,3
atlantic_salmon_produc,3
hydrogen,3
parliamentari,3
anyon,3
hacker,3
petuna,3
beverag,3
insist,3
aleutian,3
shirley,3
analys,3
bargain,3
rme,3
turbot,3
inspir,3
arrayan,3
andrea,3
telangana,3
isla,3
consign,3
justifi,3
sidestream,3
picfi,3
notori,3
friar,3
freez,3
unbeliev,3
immun,3
strict,3
ehc,3
illus,3
cbc,3
wife,3
dish,3
dairi,3
liter,3
ticket,3
tragedi,3
southwest,3
bjarn,3
susan,3
mission,3
runar,3
branin,3
refresh,3
olsvik,3
bluegrov,3
romanski,3
gourmet,3
mikael,3
hotel,3
igor,3
lind,3
arild,3
proactiv,3
arb,3
signifi,3
kingfish_farm,3
fanthorp,3
ignacio,3
wherev,3
relianc,3
viabil,3
meantim,3
jerzi,3
tone,3
nice,3
nasf,3
shanghai,3
vibeck,3
acid,3
folk,3
compat,3
brattvol,3
fed,3
pushback,3
stewardship,3
hazard,3
bankrupt,3
joanna,3
ducktrap,3
volker,3
organis,3
caia,3
norskott,3
klusuaqn,3
hembr,3
clio,3
rous,3
haugstad,3
pipe,3
chicken,3
inhabit,3
besid,3
prospectu,3
hanstholm,3
hitra,3
asda,3
bereznyuk,3
throne,3
stokmarkn,3
vap,3
prehistor,3
cake,3
multin,3
pesquera,3
accomplish,3
humbl,3
cliff,3
disturb,2
vologda,2
ruthless,2
litig,2
chaotic,2
nitrat,2
corfield,2
midst,2
famer,2
wane,2
shuffl,2
unpaid,2
hop,2
modest,2
warfar,2
yellowfin,2
hawthorn,2
silver,2
sandra,2
norway_roy,2
similarli,2
chairwoman,2
nzk,2
runner,2
spectrum,2
infring,2
litlekalsoy,2
victoria,2
mouth,2
crayfish,2
antitrust,2
camp,2
halpern,2
rich,2
hammer,2
halseth,2
henrik,2
berenberg,2
unfound,2
disdain,2
pro,2
boardroom,2
davi,2
hone,2
hong,2
memoria,2
wrongdo,2
khabarovsk,2
har,2
oli,2
sosnov,2
fox,2
fob,2
rebuf,2
sow,2
ottem,2
okeanrybflot,2
moderna,2
shellfish_farm,2
redkin,2
ottawa,2
dominguez,2
decim,2
unsupport,2
greenpoint,2
reloncavi,2
fifti,2
arco,2
modif,2
convict,2
forefront,2
lighthous,2
groundbreak,2
encapsul,2
eggjahvita,2
shockingli,2
shanshal,2
st,2
kong,2
tori,2
breakthrough,2
fma,2
snatch,2
capitalist,2
knee,2
slot,2
primo,2
roger,2
particleboard,2
steinsvik,2
assumpt,2
farvatn,2
acreag,2
spare,2
resolut,2
hartung,2
blar,2
fame,2
lambert,2
culley,2
weekli,2
concentr,2
efremov,2
instrument,2
dark,2
regim,2
nicola,2
shinjuku,2
tromso,2
ration,2
acd,2
johnston,2
charli,2
hem,2
cultiv,2
rage,2
reprimand,2
cianbro,2
genuin,2
croaker,2
moller,2
lacklust,2
mitsukoshi,2
natalia,2
alvarez,2
te,2
geveran,2
joensen,2
sank,2
quicker,2
norwegian_salmon_industri,2
canvass,2
suboptim,2
lobbyist,2
brutal,2
catarina,2
pearc,2
tellmann,2
silicon,2
freshli,2
fruition,2
terri,2
wrench,2
fraser,2
brim,2
haytham,2
hook,2
highway,2
gundersen,2
horribl,2
nomi,2
obama,2
vocal,2
ningbo,2
arrang,2
martyn,2
brace,2
hallegraeff,2
based_salmonid,2
reput,2
bastion,2
rfc,2
episod,2
provok,2
cosentino,2
identif,2
finless,2
ahumado,2
bloc,2
robin,2
vow,2
overcapac,2
veramari,2
farmed_salmon_fe,2
zoeti,2
forrest,2
bruis,2
ivan,2
ardal,2
bv,2
bp,2
santo,2
cockburn,2
unexplain,2
reconcili,2
wafer,2
renown,2
mishap,2
drill,2
vinegar,2
greenbay,2
defeat,2
disciplin,2
sgd,2
bremn,2
thij,2
stang,2
kyst,2
ha,2
diminish,2
scenic,2
aerat,2
ofek,2
embarrass,2
pasteur,2
length,2
enforc,2
blown,2
accompani,2
terribl,2
richman,2
lili,2
concess,2
rollout,2
bedroom,2
economist,2
nois,2
michelsen,2
wilmington,2
mokopuna,2
framo,2
withstand,2
gaskil,2
misus,2
molear,2
drug,2
puff,2
feather,2
louisiana,2
meteor,2
ripe,2
salmo,2
vp,2
denial,2
paulo,2
aracena,2
toothfish,2
kvichak,2
clipper,2
web,2
wei,2
fuji,2
haul,2
sixkil,2
skelet,2
mere,2
function,2
fiscal,2
demilitar,2
xinhua,2
behemoth,2
seashor,2
deadli,2
counteroff,2
eivind,2
saver,2
oldest,2
nerka,2
aurora,2
pesticid,2
horn,2
albacor,2
pursuit,2
bantri,2
michal,2
timefram,2
reced,2
overrun,2
gronbech,2
gillam,2
lab,2
greed,2
singaporean,2
kostka,2
ssb,2
forth,2
reconfigur,2
caprici,2
happili,2
merck,2
osland,2
provis,2
manner,2
subsid,2
nmpfc,2
isetan,2
biosort,2
deepest,2
ebidta,2
cleanli,2
steam,2
wa,2
wm,2
brag,2
toni,2
fest,2
overtak,2
patagonian,2
sting,2
aquabanq,2
brake,2
ginza,2
uplift,2
stint,2
prytz,2
fall_in_pric,2
campo,2
drip,2
slade,2
zooplankton,2
arab,2
sjotrol,2
nimbl,2
night,2
kearney,2
borg,2
banker,2
dilemma,2
sovereign,2
veterinarian,2
emir,2
molt,2
heritag,2
mold,2
solberg,2
jona,2
healthiest,2
politz,2
avanti,2
loyal,2
graph,2
reauthor,2
brown,2
congest,2
enquiri,2
reconcil,2
fujian,2
scarciti,2
alfr,2
havoc,2
bratvol,2
upstat,2
regardless,2
hardest,2
pave,2
drastic,2
brussel,2
gheysen,2
endem,2
wong,2
el,2
wrestl,2
ec,2
absorpt,2
fd,2
blind,2
smoked_salmon_market,2
rina,2
silent,2
silenc,2
ethoxyquin,2
premier,2
anywher,2
ocean_beauti,2
fifth,2
fishcultur,2
leather,2
sonar,2
burst,2
rehmann,2
wies,2
trusal,2
aviat,2
lira,2
donba,2
bjarni,2
lunchtim,2
inquiri,2
hvide,2
larva,2
migrant,2
reap,2
norwegian_aquaculture_fe,2
artic,2
ammonium,2
throw,2
obstacl,2
loi,2
mover,2
drift,2
hamper,2
iran,2
traumat,2
father,2
broke,2
fy,2
erod,2
ffa,2
cet,2
intervent,2
shenlan,2
opilio,2
asx,2
oceanograph,2
dire,2
earliest,2
imbert,2
blossom,2
scheme,2
builder,2
phenomenon,2
caridea,2
zambia,2
intensifi,2
famous,2
egil,2
abat,2
oligarch,2
whatsoev,2
liken,2
unsuccess,2
newcom,2
fixtur,2
sovegjarto,2
mauritiu,2
maneuv,2
user,2
hindar,2
older,2
jordheim,2
davidsen,2
anova,2
seafood_group,2
molecul,2
urgenc,2
chocol,2
simmer,2
corbion,2
newer,2
aggrav,2
naf,2
chilean_salmon_processing_pl,2
kori,2
skelwick,2
morey,2
unvaccin,2
rawson,2
facebook,2
bazhulin,2
converg,2
gene,2
revoc,2
saaremaa,2
camera,2
fjordlak,2
oyvind,2
renov,2
nonagricultur,2
skipavika,2
bakkfrost,2
paal,2
somewher,2
reprocessor,2
confess,2
eco,2
graintec,2
perfectli,2
tissu,2
unawar,2
arn,2
tactic,2
aborigin,2
issuanc,2
tire,2
brighter,2
enclosur,2
shi,2
oyehaug,2
unearth,2
correctli,2
lovundlak,2
magn,2
outfit,2
otc,2
plausibl,2
chalk,2
bellevu,2
vorobyov,2
laurel,2
nato,2
fernando,2
divest,2
magnat,2
twitter,2
batteri,2
pinpoint,2
overlap,2
hinder,2
cocoa,2
displac,2
display,2
eric,2
orkland,2
staf,2
overhalla,2
indirectli,2
sway,2
void,2
ramif,2
spokesman,2
aquat,2
nordhordland,2
kleven,2
instabl,2
calm,2
kumar,2
pracownik,2
sjofarm,2
surveyor,2
confin,2
substanc,2
fungi,2
grandkid,2
pharma,2
promin,2
downright,2
lucr,2
panin,2
ineffici,2
lineag,2
gougeon,2
iss,2
ditch,2
westray,2
gym,2
seep,2
churn,2
chest,2
crippl,2
marit,2
prematur,2
pedreg,2
dob,2
dot,2
kruger,2
wegman,2
nevada,2
peder,2
afritex,2
referendum,2
temasek,2
threw,2
government,2
pista,2
tang,2
eirik,2
theatr,2
iv,2
jesu,2
disappear,2
kishida,2
bloomberg,2
british_columbian,2
nordland,2
languag,2
revel,2
elderli,2
councilor,2
primewat,2
baldvinsson,2
bolt,2
leaf,2
temper,2
classic,2
diagnosi,2
reign,2
femal,2
furthermor,2
fsv,2
wiih,2
skin,2
fanfar,2
thiraphong,2
manriquez,2
coalesc,2
bor,2
yevtushenkov,2
halken,2
bivalv,2
rigid,2
sour,2
imped,2
maguir,2
predica,2
clair,2
sundal,2
jail,2
tall,2
purifi,2
shield,2
dysfunct,2
maiz,2
zigma,2
possess,2
redraw,2
jackson,2
fearnley,2
onsit,2
tatyana,2
frequenc,2
oppon,2
broadcast,2
easement,2
kevin,2
clung,2
greek,2
pair,2
skinney,2
shot,2
biomin,2
corner,2
enthusiasm,2
marlborough,2
prenti,2
stupid,2
summari,2
haxwa,2
digest,2
magnu,2
imperm,2
sahara,2
exhaust,2
flavor,2
swath,2
railroad,2
mof,2
voluntarili,2
republ,2
mhor,2
solidifi,2
kenai,2
synnov,2
ugashik,2
lunchroom,2
rancher,2
hiccup,2
fork,2
nichol,2
kahoot,2
sune,2
sotena,2
straightforward,2
fals,2
moldova,2
andoy,2
burger,2
abc,2
abg,2
ervik,2
raft,2
brisk,2
expedit,2
dictat,2
szrk,2
cso,2
sistema,2
morten,2
brenda,2
pent,2
mysteri,2
charoen,2
fisk,2
nordlax,2
vladivostok,2
suprem,2
mericq,2
stirl,2
rogu,2
gotten,2
mountain,2
pettersen,2
commerc,2
finn,2
reus,2
mainichi,2
unus,2
luke,2
unviabl,2
renegoti,2
crabmeat,2
australasia,2
debat,2
complement,2
ravag,2
sletmo,2
fun,2
infront,2
centuri,2
attach,2
benign,2
ruth,2
yesterday,2
unlaw,2
explan,2
bcec,2
bia,2
judgement,2
strongest,2
mirror,2
pepsico,2
pfizer,2
delist,2
conciliatori,2
dalrympl,2
jonesport,2
translat,2
belgian,2
curv,2
laister,2
cellar,2
deserv,2
fatal,2
passiv,2
integri,2
atlantic_salmon_harvest,2
estonian,2
proprietari,2
aliv,2
predecessor,2
luggag,2
fein,2
everywher,2
forese,2
jolanda,2
philosophi,2
fray,2
hegg,2
food_safeti,2
austrian,2
willing,2
lp,2
toppl,2
thrill,2
shipbuild,2
frank,2
invad,2
undrawn,2
yard,2
alsco,2
sach,2
chariman,2
cabin,2
slack,2
sverr,2
disagre,2
pingan,2
carsten,2
landfal,2
reform,2
bruno,2
patholog,2
wh,2
venu,2
attende,2
softeland,2
catherin,2
sorensen,2
homer,2
augusto,2
inspector,2
undecid,2
iod,2
holdov,2
antonio,2
salmosea,2
proper,2
moran,2
joachim,2
lipid,2
stellar,2
terra,2
discard,2
chunk,2
glori,2
bsai,2
pin,2
domino,2
collier,2
forestri,2
eidsfjord,2
virtual,2
cerkiev,2
gsmc,2
baker,2
frontier,2
undrip,2
reprocess,2
nwc,2
brackish,2
jack,2
canneri,2
kum,2
precis,2
mentor,2
gothenburg,2
pouch,2
shoot,2
advocaci,2
toxin,2
toxic,2
gate,2
patent,2
composit,2
payabl,2
gallon,2
slaughterhous,2
pokphand,2
tourism,2
raid,2
beltestad,2
precaut,2
smokeri,2
filter,2
balent,2
pristin,2
karmoy,2
urban,2
betong,2
incur,2
quaysid,2
ray,2
shallow,2
saga,2
earth,2
undevelop,2
incept,2
algalprim,2
habit,2
cppa,2
svensk,2
sullivan,2
slowdown,2
wfe,2
codfarm,2
cystin,2
kelp,2
horsepow,2
sanitari,2
donat,2
upturn,2
rumor,2
apart,2
martha,2
contradict,2
tacitli,2
ica,2
balducci,2
meralli,2
hse,2
corn,2
plug,2
dinner,2
bate,2
ahi,2
rockfish,2
unwelcom,2
sinn,2
solar,2
phytosanitari,2
sealand,2
perez,2
assembl,2
stagnant,2
phoenix,2
trimara,2
rod,2
labeyri,2
quash,2
tattenbach,2
crosshair,2
based_salmon_farming_industri,2
cecili,2
standout,2
boast,2
olsen,2
capelin,2
prep,2
casey,2
lesotho,2
ferri,2
paramount,2
kinn,2
eighth,2
preced,2
hugh,2
reykjanesvirkjun,2
oversubscrib,2
chukotka,2
clover,2
sanchez,2
anderson,2
kupsta,2
hershey,2
intermarch,2
annum,2
hungri,2
recipi,2
eldisstedin,2
explicitli,2
viva,2
lui,2
ssc,2
homestead,2
rmt,2
oceana,2
tattarang,2
magadan,2
pop,2
pole,2
biofilt,2
canoero,2
tiger,2
andrei,2
mount,2
anytim,2
arrivillaga,2
recomm,2
catfish,2
karsten,2
pennsylvania,2
ranch,2
grappl,2
reward,2
farewel,2
halfway,2
ross,2
virginia,2
katherin,2
patrick,2
leningrad,2
kjartan,2
slaughter,2
vattarn,2
tape,2
racism,2
hare,2
amongst,2
cabinet,2
roush,2
torsken,2
briefli,2
eaeu,2
ibarra,2
missouri,2
gisli,2
humili,2
devonian,2
replic,2
trench,2
ikemi,2
swung,2
pinochet,2
scandinavia,2
oystein,2
lag,2
thrown,2
nickerson,2
feet,2
fanci,2
interact,2
fought,2
mainstay,2
danc,2
cleaner,2
krome,2
businesspeopl,2
rife,2
mixtur,2
bacteria,2
wildlif,2
react,2
prestigi,2
notch,2
wildcatch,2
araucania,2
disadvantag,2
stressor,2
plywood,2
tautech,2
vassbotten,2
dub,2
pb,2
unovi,2
rip,2
shamrock,2
rid,2
thirti,2
discourag,2
commentari,2
breeder,2
tangen,2
dormant,2
mondelez,2
complimentari,2
okland,2
mycelium,2
beaufort,2
piri,2
ralli,2
nick,2
last_weekend,2
northlin,2
inflamm,2
hydroxid,2
steve,2
jurisdict,2
stalem,2
helicopt,2
aquatrad,2
seafood_council,2
hardi,2
egypt,2
aboard,2
trump,2
sort,2
unhappi,2
gowda,2
siu,2
buoyant,2
villag,2
emanuel,2
dobri,2
takeaway,2
wild_salmon_sector,2
crash,2
unmatch,2
republican,2
martinussen,2
orca,2
organiz,2
bois,2
greenlight,2
academi,2
siemen,2
srinivasa,2
cohes,2
afraid,2
sek,2
centro,2
argyl,2
kingfish_fe,2
haafel,2
biela,2
distract,2
vegard,2
nordhamm,2
haspro,2
walk,2
besix,2
harshest,2
egegik,2
layer,2
petcar,2
inch,2
rake,2
lobbi,2
student,2
english,2
sporad,2
elliot,2
drunk,2
clyde,2
enact,2
boon,2
agnost,2
facial,2
terj,2
loser,2
scuttl,2
hondura,2
olfu,2
doldrum,2
futurist,2
martnesvika,2
hsmi,2
automat,2
atkinson,2
appl,2
ed,2
tangibl,2
injur,2
diplomat,2
hanwha,2
jewel,2
flatfish,2
gavan,1
vytauta,1
sputter,1
microbi,1
ignit,1
showcas,1
charter,1
kurob,1
bacon,1
furuholmen,1
saumon,1
hero,1
dahl,1
tobin,1
karin,1
lade,1
controversi,1
golden,1
varlak,1
telegraph,1
intervenor,1
relav,1
holi,1
ozaki,1
podosochni,1
masaru,1
artilleri,1
paweł,1
johansenbeliev,1
kaland,1
icelandic_salmon_sector,1
reassess,1
beauti,1
bydgoszcz,1
winn,1
wine,1
surrend,1
vard,1
foodstuff,1
butcher,1
savushkin,1
dobrinksi,1
fin,1
enrico,1
interrupt,1
trondheim,1
lillian,1
volcano,1
grumbl,1
whim,1
szklanni,1
resul,1
spider,1
biologiqu,1
rr,1
rs,1
zar,1
ponomarev,1
schmidbauer,1
rb,1
strategist,1
sarcast,1
sellout,1
omiss,1
teenag,1
toplin,1
takeout,1
leapt,1
nigel,1
chevron,1
gunnthor,1
sutherland,1
moleaer,1
hasheukumiss,1
wild_salmon_product,1
undivid,1
wisdom,1
outlay,1
puul,1
diario,1
vesturbyggd,1
joakim,1
fabriqu,1
irrevoc,1
shall,1
specifi,1
karro,1
horeca,1
ulcer,1
lethal,1
innovanor,1
graakjaer,1
rajani,1
rick,1
foremost,1
randal,1
coley,1
wrangel,1
bled,1
etiv,1
oceania,1
roller,1
unemploy,1
logic,1
darian,1
pitkov,1
wataru,1
unjustifi,1
dissatisfact,1
cuna,1
dave,1
landbas,1
spin,1
unsolv,1
norseaqua,1
elicit,1
shiron,1
specter,1
memoriam,1
dilut,1
junga,1
furlough,1
ham,1
ukranian,1
preserv,1
svensson,1
twinkl,1
birth,1
innovasea,1
accessori,1
crowd,1
santiago,1
sostena,1
creep,1
transmiss,1
foi,1
shaker,1
sensibl,1
kobbevik,1
stefan,1
yoke,1
nufronti,1
foregon,1
acon,1
westermann,1
sor,1
novo,1
width,1
joseph,1
headach,1
therefrom,1
thorgersen,1
wrangl,1
melak,1
lisbet,1
glacier,1
zand,1
ferrari,1
presum,1
smell,1
legitim,1
domingo,1
lowdown,1
fiskeindustri,1
olafsen,1
seaweb,1
trossach,1
breadth,1
reverber,1
ost,1
ward,1
chorsk,1
trom,1
hardwork,1
tear,1
overarch,1
porlakshofn,1
rupind,1
southwestern,1
ba,1
mairann,1
vitali,1
throughput,1
influx,1
bergiu,1
bender,1
angri,1
prosecutor,1
claus,1
visual,1
claud,1
summertim,1
petrel,1
aino,1
morri,1
recalcin,1
problemat,1
legum,1
validli,1
unanticip,1
halldor,1
same_timefram,1
scottish_seafood,1
enderbi,1
omnivor,1
tangchansiri,1
kvaloya,1
sr,1
sm,1
sc,1
untest,1
reynir,1
colorado,1
thumb,1
palpabl,1
smarter,1
exot,1
modestli,1
freyr,1
hickori,1
rundown,1
scottish_salmon_farming_industri,1
receipt,1
sponsor,1
vatnseyri,1
troll,1
formula,1
bumpi,1
plea,1
unbrand,1
whittier,1
unavoid,1
opet,1
carlyl,1
onu,1
fmi,1
kverva,1
artifact,1
tjuin,1
shakeup,1
sao,1
influenti,1
amaya,1
wint,1
aleknagik,1
sau,1
harald,1
printer,1
buffer,1
bluefin,1
knew,1
allevi,1
badg,1
axe,1
montagu,1
axi,1
wynn,1
merit,1
biomedicin,1
aqualin,1
observatori,1
slog,1
uppermost,1
dissimilar,1
monda,1
laguna,1
norselab,1
workweek,1
fibrou,1
eriksen,1
isabel,1
towboat,1
mecca,1
televis,1
guatemala,1
ingka,1
adept,1
bremesco,1
yearli,1
extinct,1
breath,1
preparatori,1
booster,1
brovari,1
crimean,1
erlend,1
gdp,1
franklin,1
invalid,1
seikan,1
laughabl,1
overthrow,1
rejoin,1
conscienti,1
darl,1
moorcroft,1
dare,1
stationari,1
macrotrend,1
ddp,1
amino,1
standpoint,1
graal,1
stone,1
ace,1
sæther,1
nowher,1
krcr,1
leblanc,1
het,1
franchis,1
ruchja,1
witt,1
norwegian_salmon_farming_industri,1
allan,1
categor,1
surplu,1
flirt,1
assu,1
salmonica,1
ac,1
ab,1
aj,1
australasian,1
aq,1
ar,1
undercov,1
slant,1
chukhotka,1
hestvik,1
bindal,1
adriatik,1
inexplic,1
cpg,1
tricki,1
masu,1
illustr,1
reson,1
airfar,1
tu,1
wanzefeng,1
td,1
midwest,1
ottar,1
moreland,1
viaqua,1
quantifi,1
thesi,1
elena,1
pbt,1
ahabeg,1
deleg,1
clock,1
tommi,1
congelado,1
contrastingli,1
therapeut,1
raze,1
picturesqu,1
silva,1
petroleum,1
unders,1
phillip,1
solvar,1
biodivers,1
jakob,1
registr,1
saffl,1
quatsino,1
centrovet,1
unreserv,1
havelock,1
murachev,1
piasio,1
hermitag,1
lovund,1
datassenti,1
floken,1
resurg,1
helgeland,1
recip,1
proposa,1
concoct,1
millinocket,1
authent,1
pavlenko,1
multilater,1
gilberto,1
mizuho,1
mastrobuoni,1
grwc,1
neesvig,1
exponenti,1
benedict,1
saint,1
zelenski,1
trustworthi,1
typhoon,1
induc,1
requisit,1
bsfc,1
underwhelm,1
etho,1
oyster,1
smoked_salmon_compani,1
shadforth,1
abnorm,1
session,1
violenc,1
wild_salmon_industri,1
kvaroy,1
remedi,1
onuku,1
compass,1
snfl,1
crv,1
roughest,1
croatia,1
outwardli,1
potent,1
redoubl,1
seb,1
retak,1
knag,1
guinea,1
urchin,1
nope,1
signatur,1
girond,1
fjordbruk,1
retent,1
lash,1
financieel,1
beli,1
regent,1
frosta,1
unrealist,1
minc,1
champion,1
unleash,1
upstart,1
gulowsen,1
blom,1
microbiom,1
seadril,1
durat,1
owen,1
bbfa,1
shorten,1
oleksiy,1
prepack,1
tauranga,1
herculean,1
indonesian,1
bureaucrat,1
abound,1
underreport,1
buyout,1
epidemiolog,1
greener,1
ryfylk,1
gruel,1
bj,1
revolut,1
hometown,1
underst,1
durabl,1
biog,1
kislaya,1
linn,1
lina,1
jacki,1
prelud,1
supervisor,1
curtain,1
scrape,1
trait,1
wrongli,1
detriment,1
produkt,1
icelandic_salmon_farming_industri,1
feud,1
hardesti,1
nowegian,1
scratch,1
totem,1
kamel,1
quarantin,1
isaiah,1
trk,1
inclin,1
eve,1
marri,1
rack,1
vehicl,1
stodir,1
surmis,1
injustic,1
bird,1
hereditari,1
norwegian_salmon_fe,1
forerunn,1
idun,1
profunda,1
semblanc,1
ziv,1
commut,1
babi,1
deflat,1
chariti,1
chilean_salmon_sal,1
alexey,1
scatter,1
monica,1
isafjardardjup,1
bend,1
esper,1
luster,1
npm,1
tier,1
pescanova,1
robot,1
op,1
houston,1
dansk,1
brakeman,1
espen,1
petrozavodsk,1
recept,1
staal,1
costanoa,1
rougher,1
laxabraut,1
damian,1
kpi,1
activit,1
mett,1
tack,1
static,1
boatright,1
tenth,1
shannon,1
matrix,1
submerg,1
cest,1
tempt,1
shun,1
scare,1
pitago,1
scent,1
unisea,1
karmsund,1
norton,1
pangasiu,1
chagrin,1
fleischmann,1
bieman,1
steel,1
jaeren,1
waterborn,1
misunderstand,1
nicolaid,1
audaci,1
ringkob,1
bred,1
satur,1
lotu,1
redirect,1
footbal,1
jam,1
suppos,1
halsa,1
aasmyr,1
lysoveta,1
satisfact,1
accel,1
webcast,1
generalist,1
rappel,1
futr,1
carscallen,1
rickettsi,1
vogar,1
eneo,1
hatteland,1
tla,1
nanoencapsul,1
rama,1
revamp,1
ce,1
hryckowian,1
indict,1
cv,1
rewild,1
deliber,1
scottish_salmon_product,1
maclennan,1
rehir,1
patreksfjordur,1
runway,1
demolit,1
eastbound,1
rbf,1
dag,1
latecom,1
ransom,1
mutat,1
matthew,1
paula,1
drink,1
phd,1
pitango,1
dust,1
kuehnl,1
philippin,1
devalu,1
oft,1
clutha,1
trophic,1
flesh,1
glut,1
cssc,1
wef,1
wee,1
wed,1
suempol,1
arguabl,1
cedar,1
belgium,1
pier,1
crise,1
stagger,1
muri,1
clientel,1
flush,1
disbelief,1
biobacteria,1
forgiven,1
haugsbo,1
academ,1
interven,1
snyder,1
larval,1
lumpfish,1
slovakia,1
funnel,1
innoc,1
dafjord,1
apollo,1
volvo,1
evidenc,1
unnot,1
inr,1
inn,1
torgeir,1
reckless,1
togarashi,1
pension,1
rep,1
sincer,1
rew,1
voter,1
consu,1
deviat,1
conso,1
jacob,1
sotra,1
reinvent,1
hord,1
supervis,1
lesse,1
superchil,1
kiogram,1
crunch,1
bi,1
merkur,1
fourteen,1
typcial,1
daughter,1
homalco,1
attitud,1
brc,1
rybholkam,1
plot,1
plop,1
scheel,1
subpesca,1
retali,1
semini,1
dunda,1
inflect,1
mathew,1
insignific,1
fresh_salmon_sal,1
pierc,1
fyhn,1
alltech,1
deadweight,1
cagr,1
pizza,1
slyvia,1
stefani,1
bolsonaro,1
lay,1
lap,1
undamag,1
nascent,1
kjølå,1
dagbladet,1
endors,1
sane,1
christin,1
majewski,1
befallen,1
thea,1
bang,1
muhammad,1
naysay,1
rocki,1
mrna,1
webber,1
logo,1
slew,1
occurr,1
iturup,1
kleipeda,1
oskar,1
angi,1
subtl,1
impedi,1
chopper,1
evonik,1
grakjer,1
timothi,1
luncheon,1
zeeland,1
toronto,1
iron,1
lulu,1
hyve,1
interfac,1
ketchikan,1
quieter,1
terrif,1
overtook,1
transmit,1
astrakhan,1
autopsi,1
grave,1
navaga,1
skjaervik,1
besieg,1
notion,1
norðtoftir,1
atlantic_salmon_pric,1
alvar,1
di,1
nasti,1
klahoos,1
onboard,1
du,1
emb,1
preveza,1
gaug,1
optimum,1
landacr,1
atroc,1
eren,1
wo,1
wu,1
kitchen,1
cop,1
com,1
hab,1
spear,1
degener,1
landbrukskjemi,1
bundrant,1
dixi,1
gracious,1
inhibit,1
appris,1
kven,1
sticker,1
techaviv,1
descend,1
unconcern,1
hann,1
rain,1
patagonia,1
hanu,1
bacteri,1
farther,1
mayo,1
onland,1
amberjack,1
pitsikouli,1
voyag,1
oxid,1
negat,1
hypor,1
saliv,1
hypox,1
flagman,1
tarpaulin,1
sphere,1
lewi,1
accordingli,1
oecd,1
quirki,1
fiction,1
solidar,1
bioplast,1
somehow,1
trul,1
steingrim,1
inaccur,1
emit,1
hotter,1
potabl,1
stopov,1
enlist,1
doyl,1
kenyan,1
boryspil,1
kennth,1
deton,1
geeli,1
tugboat,1
faze,1
uneviscer,1
affidavit,1
tenacibaculum,1
lineup,1
oygarden,1
formid,1
hume,1
arkadiy,1
cunningham,1
salvador,1
guo,1
gun,1
steepli,1
gudmundur,1
scaffold,1
nakamura,1
harderwijk,1
myrland,1
strzelecki,1
behav,1
montreal,1
italiano,1
marker,1
sakhon,1
haukavatnet,1
boycott,1
prepay,1
slogan,1
agrifood,1
dekalb,1
solbek,1
chia,1
schaug,1
lincolnshir,1
glaab,1
nonstop,1
offens,1
nosed,1
ghg,1
offend,1
coln,1
cole,1
conjunct,1
naero,1
artisan,1
aquacard,1
supersed,1
magazin,1
em,1
bradley,1
ev,1
er,1
wholeheartedli,1
carr,1
carv,1
stofnfskur,1
outcri,1
romania,1
shapiro,1
blink,1
kozhemyako,1
bookmark,1
cumul,1
quay,1
soren,1
underwritten,1
almon,1
hsbc,1
craig,1
solveig,1
anger,1
implos,1
bomlo,1
svein,1
sunset,1
drain,1
beech,1
kloet,1
fumio,1
briller,1
multiprotein,1
intermitt,1
akvakulturpartn,1
husband,1
bildudalur,1
sport,1
wayn,1
petropavlovsk,1
spindel,1
moana,1
inflex,1
comeback,1
pertain,1
nile,1
inconsist,1
karstensen,1
virbac,1
overjoy,1
toss,1
markedli,1
odessa,1
biogena,1
wiggl,1
lundr,1
countless,1
merril,1
valeri,1
eic,1
polymer,1
uncov,1
kenya,1
northward,1
whyte,1
medic,1
empathi,1
closest,1
foam,1
praqua,1
alissa,1
alestar,1
versa,1
hover,1
envis,1
stunt,1
gilthead,1
seahahead,1
westerkirk,1
nucleic,1
leningradsko,1
mafia,1
catzero,1
maersk,1
dumestr,1
permira,1
interrogatori,1
torger,1
backup,1
nurs,1
based_aquaculture_sector,1
cato,1
oppdrett,1
recoil,1
oldani,1
hottest,1
ofper,1
gennadi,1
axfood,1
nerv,1
anarlax,1
registro,1
geosalmo,1
peac,1
vadim,1
repay,1
groundwork,1
svanoy,1
husqvarna,1
laser,1
stagnat,1
unheard,1
essenc,1
cannib,1
gouet,1
modular,1
unsurprisingli,1
samar,1
hima,1
toyo,1
hogn,1
layoff,1
anadrom,1
swoop,1
squid,1
hurri,1
brownel,1
fiordo,1
westerli,1
turnabout,1
merkur_market,1
fr,1
tomazoni,1
fu,1
unsung,1
overnight,1
reservoir,1
jakobsen,1
proje,1
delici,1
fool,1
krzysztof,1
superba,1
bryan,1
alexandr,1
thirteenth,1
undesign,1
todd,1
trusti,1
testifi,1
jolli,1
unsightli,1
bass,1
asa,1
revolutionari,1
liaison,1
assign,1
upwel,1
hoepfner,1
verisem,1
interwoven,1
nigeria,1
underdevelop,1
placentia,1
kingish,1
reawaken,1
utopia,1
philli,1
adrift,1
lin,1
stapl,1
lip,1
useless,1
ingvason,1
liz,1
wati,1
kao,1
thorsteinn,1
eaten,1
alpha,1
hallvard,1
duncan,1
ynsect,1
basement,1
camachaca,1
poblet,1
vial,1
hype,1
plough,1
manair,1
amund,1
catalogu,1
unsolicit,1
distinguish,1
forgotten,1
nenagwa,1
rainwat,1
epicent,1
kamchatskiy,1
deceiv,1
damn,1
anthoni,1
liver,1
utmost,1
socialist,1
rope,1
loos,1
loop,1
albani,1
expatri,1
grand,1
entireti,1
transitori,1
nvg,1
commonli,1
cageey,1
hispan,1
oxnalaekur,1
coup,1
chord,1
bearer,1
marque,1
bergpro,1
vedomosti,1
trapananda,1
stengel,1
immemori,1
motorsport,1
alcald,1
overthrown,1
eez,1
weyerhaeus,1
salespeopl,1
pilgrimag,1
electrif,1
bergneset,1
wrack,1
krupyenko,1
evtushok,1
torbjorn,1
pseudochattonella,1
lybech,1
jacek,1
vrolijk,1
costlier,1
axiota,1
ultco,1
sacrif,1
cyberattack,1
shine,1
togiak,1
deceas,1
kefalonia,1
rollo,1
seriola,1
conven,1
mezzanin,1
alison,1
ontec,1
romsdalsfjord,1
aqu,1
selab,1
fda,1
chelsea,1
aquanor,1
kidney,1
macknight,1
objection,1
rensefisk,1
enzym,1
catterton,1
merced,1
kati,1
franz,1
roussel,1
kate,1
stavi,1
wout,1
stave,1
airplan,1
colman,1
olaf,1
cleanerfish,1
hemispher,1
carter,1
policymak,1
sturdier,1
dobrinski,1
brunei,1
vacat,1
corin,1
microbreweri,1
raccaro,1
clara,1
fishvet,1
mismatch,1
bureaucraci,1
starter,1
stomarkn,1
retriev,1
millionair,1
exorbit,1
protix,1
kjerkol,1
foretold,1
elimelech,1
longest,1
nearshor,1
vilifi,1
luhansk,1
skyre,1
enggaard,1
depopul,1
proserpin,1
sword,1
handi,1
refuel,1
hustadvika,1
prepackag,1
mode,1
maq,1
edinburgh,1
invertec,1
sandn,1
serbia,1
inaccess,1
hardwar,1
unsubstanti,1
umbrella,1
undo,1
lerøi,1
switzerland,1
princess,1
cooperatiev,1
congo,1
tablecloth,1
erko,1
nfsa,1
nurburgr,1
glacio,1
grett,1
beg,1
bare,1
bard,1
edeka,1
lightli,1
manitoba,1
screw,1
jaim,1
textur,1
unannounc,1
constrain,1
oyama,1
parker,1
noway,1
applecross,1
michigan,1
sasso,1
emilsen,1
legaci,1
pitch,1
spinoff,1
realign,1
rosyth,1
tent,1
ken,1
kee,1
unwav,1
bohuslanningen,1
rico,1
sawitski,1
torn,1
leipzig,1
lightner,1
hermanrud,1
roancarrig,1
welcon,1
obituari,1
rauma,1
inuxw,1
blight,1
sattler,1
magallen,1
carniv,1
landoy,1
dose,1
distant,1
distress,1
mazzetta,1
ovum,1
trude,1
patricia,1
restaurateur,1
warrant,1
burden,1
therein,1
unfaz,1
probiot,1
outgo,1
moclett,1
engesund,1
based_salmon_fe,1
tropo,1
ridley,1
diver,1
parasit,1
nightclub,1
pointless,1
seismic,1
museum,1
svelgen,1
inroad,1
culmin,1
hf,1
hg,1
po,1
indefinit,1
pm,1
atyp,1
reciproc,1
nicolaisen,1
diego,1
trevyr,1
baselin,1
gonzalez,1
dagblad,1
lakseoppdrett,1
khaloui,1
imani,1
argentinian,1
antimicrobi,1
swap,1
abri,1
gover,1
bereng,1
overfish,1
sensor,1
whirlwind,1
quilt,1
crave,1
andré,1
wreck,1
restat,1
galor,1
drc,1
jami,1
volunt,1
soybean,1
telo,1
soroya,1
handewitt,1
dian,1
grandfath,1
wari,1
biotic,1
heffer,1
sped,1
hebrid,1
floro,1
tamaran,1
oleg,1
velfag,1
dynon,1
defer,1
vodka,1
kinet,1
lure,1
yoram,1
inbev,1
faulti,1
pedersen,1
schoolchildren,1
tigru,1
keldur,1
eyal,1
therapi,1
workout,1
leaner,1
bonu,1
roast,1
dumerili,1
bone,1
genomar,1
caladero,1
incomprehens,1
exxonmobil,1
linear,1
salmon_farmi,1
everyman,1
ish,1
afjord,1
thereof,1
aspheim,1
hahoulthe,1
yamba,1
agra,1
songkla,1
mainam,1
olafur,1
helen,1
comau,1
ew,1
anxieti,1
mini,1
chen,1
doi,1
dol,1
dom,1
breather,1
sulefisk,1
ashor,1
hunger,1
planetari,1
renihu,1
sugar,1
hoard,1
biophys,1
brannon,1
hydropon,1
carmichael,1
hydropow,1
volodymyr,1
dadwan,1
bak,1
crewmen,1
erber,1
infologist,1
starkist,1
invalu,1
shultz,1
shaver,1
vitamin,1
premera,1
billund,1
forag,1
conspiraci,1
aftermath,1
ulvan,1
erect,1
sulfid,1
woodruff,1
efficaci,1
ugli,1
affirm,1
gasolin,1
occas,1
cane,1
farmed_salmon_process,1
shame,1
ie,1
turner,1
belli,1
otolith,1
skjern,1
lomond,1
programm,1
agon,1
husoy,1
retroceso,1
dissip,1
natal,1
elabor,1
athlet,1
birgir,1
orgafe,1
nudg,1
farmed_salmon_sal,1
smoked_salmon_gi,1
toyota,1
dzawada,1
inact,1
sprawl,1
uproar,1
flounder,1
bold,1
salmofan,1
conceal,1
attrit,1
pestil,1
sergio,1
lien,1
hotli,1
lieu,1
genotyp,1
gleinsvag,1
amazingli,1
iglo,1
forg,1
ford,1
granger,1
fahi,1
pavilion,1
bruxel,1
arnar,1
anett,1
skip,1
tekfisk,1
primex,1
lauri,1
sovereignti,1
timor,1
dig,1
cleanfish,1
oceanpath,1
favour,1
sixfold,1
bandwagon,1
mariupol,1
nuanc,1
promissori,1
taipei,1
grunwald,1
plumb,1
perc,1
swen,1
ariel,1
kristian,1
roundup,1
kiemel,1
soul,1
imper,1
schieldrop,1
mamalilikulla,1
nearest,1
agent,1
konrad,1
tailwind,1
nordmor,1
maa,1
underscor,1
jair,1
thorisson,1
delpeyrat,1
peroxid,1
reinforc,1
toehold,1
automobil,1
verifi,1
wilhelmsen,1
outweigh,1
stanislav,1
focuss,1
ledg,1
adjud,1
hijack,1
aquaspark,1
girl,1
kvefi,1
bespok,1
tyson,1
monster,1
orr,1
glyvrad,1
standbi,1
daunt,1
proposit,1
pukka,1
simsa,1
remors,1
sean,1
lick,1
pastri,1
properli,1
stigma,1
hotspot,1
lorentsen,1
cantor,1
interior,1
chiller,1
kaili,1
beta,1
tract,1
samut,1
reef,1
belgorod,1
shoe,1
treasuri,1
dick,1
feoya,1
stormi,1
stomp,1
vitapro,1
sideway,1
businesswoman,1
mediat,1
seam,1
infinit,1
archaeolog,1
jo,1
tum,1
kirsten,1
tuck,1
eurogourmet,1
grante,1
shandong,1
mare,1
marc,1
maro,1
taxabl,1
commodor,1
suscept,1
odyssey,1
hoki,1
pat,1
harsh,1
speech,1
bream,1
imprint,1
scottish_salmon_sector,1
riesco,1
pill,1
mou,1
berrefjord,1
monocytogen,1
server,1
bluenalu,1
nosh,1
use_of_antibiot,1
fumé,1
splash,1
biomateri,1
dole,1
squabbl,1
barstadvik,1
eker,1
gulen,1
kelih,1
roam,1
recirculating_aquacultur,1
jigsaw,1
tycoon,1
birger,1
woman,1
exemplar,1
cleanup,1
sunflow,1
shelter,1
sequenc,1
downfal,1
sewer,1
castl,1
novonutri,1
forget,1
protract,1
forbidden,1
purecod,1
roughi,1
alberta,1
subterranean,1
alien,1
dictatorship,1
scampi,1
saudi,1
damper,1
neighborhood,1
withheld,1
quebec,1
johannson,1
dial,1
vardin,1
carcass,1
havsbruk,1
vall,1
klaipeda,1
vale,1
salesmanship,1
stockpil,1
alexandria,1
rajesrawan,1
liber,1
kristof,1
nadsaq,1
dea,1
produ,1
raisio,1
maritech,1
attain,1
narrowli,1
tyee,1
bkd,1
karelian,1
ambassador,1
blood,1
bleak,1
orchard,1
coat,1
blundel,1
rotat,1
gratton,1
circumfer,1
dougi,1
statewid,1
pad,1
gustafsson,1
lookout,1
walli,1
emblemat,1
grakaer,1
goos,1
millilit,1
nekton,1
headroom,1
stiff,1
clamp,1
callum,1
perri,1
verdict,1
palat,1
suspici,1
hallesdatt,1
akutan,1
someday,1
marystown,1
shoal,1
coppen,1
razor,1
oceanfood,1
paint,1
catapult,1
pare,1
pari,1
sunnyval,1
alvaro,1
annihil,1
operational_ebit_per_kilogram,1
firstfruit,1
blanca,1
npde,1
rosand,1
scannlain,1
orlov,1
kr,1
kt,1
unalaska,1
smartfarm,1
kuskokwim,1
noncitizen,1
daisui,1
pensito,1
nervous,1
ruin,1
luka,1
ferret,1
silo,1
vina,1
atli,1
lisbon,1
incentiv,1
centerpiec,1
sharla,1
gloat,1
klion,1
mikel,1
gay,1
pricey,1
heavier,1
crutch,1
skiff,1
anonym,1
echelon,1
ingrain,1
humber,1
tass,1
euroasian,1
timber,1
persuad,1
snag,1
countrywid,1
olafsson,1
akureyri,1
farmed_salmon_gi,1
murmanrybprom,1
blemish,1
intrexon,1
silversid,1
eimskip,1
lorrain,1
brent,1
scald,1
pea,1
ladder,1
patienc,1
oec,1
factli,1
landown,1
financeiro,1
spectat,1
errand,1
kazunari,1
reorgan,1
ungut,1
zhu,1
aftergeir,1
slordalsvatnet,1
cafe,1
utterli,1
papa,1
gulat,1
naknek,1
southwind,1
jason,1
tombr,1
aw,1
dessert,1
choppi,1
busier,1
vele,1
sunniva,1
leakag,1
copenhagen,1
edison,1
resembl,1
perimet,1
bodo,1
hobart,1
safer,1
implicit,1
vinni,1
boondoungprasert,1
nutriti,1
conceiv,1
resurrect,1
havard,1
viggo,1
gateway,1
wardrob,1
cho,1
advoc,1
shizuoka,1
lauchi,1
astoria,1
olymp,1
alik,1
erwin,1
luciano,1
canstruct,1
klaa,1
dwt,1
bruijn,1
le,1
nitted,1
grytten,1
tiffani,1
stordalen,1
preschool,1
strive,1
flail,1
astronom,1
strip,1
jessica,1
offeror,1
babcock,1
deleteri,1
likelihood,1
mortar,1
manolin,1
indiscrimin,1
facililit,1
afield,1
pummel,1
laps,1
scant,1
biochem,1
burdwood,1
revalu,1
hernan,1
charact,1
inarctica,1
agfundernew,1
immigr,1
wwii,1
mik,1
mic,1
mie,1
kaplan,1
rove,1
balbontin,1
michelin,1
farouz,1
horntvedt,1
recess,1
text,1
setter,1
resubmit,1
unhelp,1
lauvbakk,1
seafox,1
benirei,1
gerardo,1
conform,1
malfunct,1
brunt,1
janet,1
prosu,1
instanc,1
maaqtusii,1
moshenskiy,1
inflammatori,1
technologist,1
citizenship,1
darren,1
teamwork,1
curtail,1
unscath,1
assert,1
arisen,1
stundin,1
absente,1
arabia,1
rodrigo,1
film,1
eugenio,1
statista,1
pit,1
seth,1
lossi,1
coaster,1
jeroen,1
greenshel,1
handov,1
griffith,1
troland,1
danpeng,1
adm,1
gmt,1
efisheri,1
brennholmen,1
dyrafjordur,1
advanta,1
insert,1
dubai,1
baard,1
soft,1
heel,1
italian,1
awash,1
propel,1
wyszynski,1
crazili,1
ankur,1
bachi,1
vengeanc,1
simpler,1
andem,1
awhil,1
oasi,1
gustaaff,1
braekkan,1
morningstar,1
flip,1
aquqafarm,1
whisper,1
biosecur,1
pie,1
cpf,1
otradnoy,1
oak,1
trickl,1
acquitt,1
prasit,1
sysco,1
hatt,1
sleev,1
tweet,1
undet,1
reeldata,1
regrett,1
merchant,1
omok,1
incurs,1
upstream,1
anemia,1
verif,1
reimburs,1
naiv,1
maren,1
ruben,1
poison,1
royc,1
ethanol,1
autostor,1
mutual,1
moreton,1
julia,1
strap,1
eastwood,1
heathrow,1
rwanda,1
griev,1
mush,1
alberto,1
mg,1
dodg,1
henri,1
aalesund,1
mk,1
mt,1
hypermarket,1
maurbeni,1
ceremoni,1
scion,1
mess,1
adrian,1
loppa,1
lump,1
supercent,1
streamlin,1
amin,1
amic,1
danni,1
incorpor,1
orang,1
vite,1
signatori,1
kdlg,1
comprehend,1
fade,1
bingham,1
iowa,1
fiskeribladet,1
unionist,1
centenni,1
uneaten,1
persever,1
chuck,1
unnatur,1
newport,1
murkowski,1
destabil,1
lafor,1
populair,1
tyssoy,1
prestfjord,1
pollestad,1
rail,1
herman,1
stipend,1
cibu,1
korma,1
latam,1
fantasi,1
kristoff,1
biorefin,1
rant,1
guump,1
wildli,1
tow,1
tot,1
euphoria,1
mercuri,1
tol,1
unbroken,1
perfluorooctanesulfon,1
flame,1
domestic_market_shar,1
latitud,1
fashion,1
rao,1
socio,1
atper,1
andvari,1
seminar,1
brannan,1
niman,1
innovafe,1
stiim,1
evangelist,1
inver,1
visionari,1
sshrimp,1
tanzania,1
pinchevskiy,1
treati,1
alight,1
sureti,1
radiu,1
minnesota,1
silfurstjornan,1
advokatfirmaet,1
agostini,1
reconstruct,1
haiti,1
unproven,1
twice,1
erupt,1
swept,1
roadmap,1
inapi,1
steinum,1
hilborn,1
mum,1
halvorson,1
salmon_market_shar,1
fault,1
defra,1
septima,1
gamet,1
spurr,1
truss,1
fiskeanlegg,1
beneficiari,1
brisban,1
beer,1
mult,1
ruggstein,1
loft,1
uncommon,1
craft,1
stavang,1
amortis,1
lesser,1
veronica,1
gudmundsson,1
greenwash,1
sigrud,1
ingredietn,1
leftist,1
guayaquil,1
aisl,1
mother,1
belarusian,1
nutraceut,1
unten,1
cooler,1
mosquito,1
malaysia,1
donald,1
fiizk,1
doorstep,1
seaborn,1
iliamna,1
cni,1
seafish,1
langoylak,1
chuan,1
curri,1
biopolym,1
macduff,1
decri,1
bath,1
debacl,1
lagt,1
boutiqu,1
timescal,1
solac,1
altogeth,1
maloy,1
counsel,1
tradewind,1
shoresid,1
enuxw,1
flatten,1
nl,1
ng,1
reassuringli,1
bullet,1
ryder,1
livelihood,1
row,1
peng,1
sing,1
andreasen,1
inhuman,1
environmentalist,1
ozernovski,1
broadli,1
artwork,1
jdi,1
ingvild,1
valentin,1
kværnstuen,1
dingwal,1
inconclus,1
repli,1
jorg,1
dorin,1
coru,1
christchurch,1
durham,1
visibl,1
prey,1
nevera,1
maximisz,1
dismal,1
triploid,1
overreli,1
haltebrekk,1
umetsuji,1
eros,1
alaska_salmon_harvest,1
contamin,1
investcorp,1
fascist,1
seafar,1
wilsgard,1
microscop,1
canari,1
passag,1
suez,1
meridian,1
cutter,1
severnaya,1
realism,1
webinar,1
unlist,1
dredg,1
unfriendli,1
glimps,1
tempura,1
theori,1
strathcona,1
subzero,1
flare,1
raleigh,1
naevdal,1
jwd,1
bounti,1
briton,1
ekuk,1
cope,1
alan,1
hut,1
spokeswoman,1
misund,1
theresa,1
malta,1
sherman,1
governmen,1
finansavisen,1
ensnar,1
kwikwasut,1
kahui,1
convoy,1
heap,1
uncondit,1
cheat,1
trespass,1
hack,1
gulf,1
bolstad,1
crimp,1
dekker,1
outperform,1
spaniard,1
conscienc,1
rma,1
johanessen,1
superstar,1
berri,1
railway,1
penal,1
concert,1
endeavor,1
hardli,1
followup,1
firda,1
mairi,1
andrew,1
fmcg,1
arnold,1
fiercer,1
morang,1
norven,1
marijampol,1
grail,1
douki,1
willumsen,1
fitzgerald,1
christen,1
ninth,1
lavish,1
violent,1
roxann,1
hint,1
proterra,1
blog,1
nanoparticl,1
towel,1
invermar,1
madrid,1
fanad,1
canteen,1
jakub,1
moon,1
steinhovden,1
og,1
gregori,1
aion,1
eldisstodin,1
burton,1
niewolni,1
cbp,1
incorrect,1
gfa,1
reconsid,1
symbol,1
grupo,1
zimbabw,1
apparel,1
degrad,1
mcintyr,1
kylon,1
pti,1
southland,1
blueplanet,1
alcatraz,1
aleksand,1
fat,1
rajamanohar,1
nanaimo,1
farmed_salmon_sector,1
lisa,1
ted,1
utham,1
intersect,1
smogenlax,1
goodby,1
misinterpret,1
naval,1
myre,1
magnitud,1
rkz,1
bucki,1
faint,1
supposedli,1
autonom,1
mikhnov,1
ensu,1
berth,1
seaspiraci,1
omit,1
bjart,1
jeopard,1
anxiou,1
acrimoni,1
bioactiv,1
oya,1
infecti,1
catalog,1
numi,1
ambigu,1
disect,1
growiec,1
reconnect,1
style,1
norwegian_salmon_export,1
pray,1
inward,1
harmless,1
speaker,1
alter,1
prodigi,1
hunter,1
somebodi,1
leven,1
intricaci,1
woolworth,1
trifecta,1
unilater,1
colder,1
hawaii,1
kristiansand,1
alcohol,1
ingham,1
hila,1
uncommit,1
guess,1
teach,1
mcbain,1
revolution,1
colombia,1
galanti,1
luckili,1
apeland,1
whenev,1
sunni,1
stall,1
architect,1
stale,1
canadawid,1
wilson,1
secretariat,1
scpl,1
goldman,1
hoff,1
gila,1
hepponstal,1
artemia,1
parr,1
melodi,1
cdp,1
gapp,1
amicu,1
hid,1
ilco,1
coti,1
budapest,1
lostallo,1
relentless,1
art,1
arv,1
arc,1
matia,1
tca,1
misstep,1
sola,1
reinstat,1
dabbl,1
entertain,1
chilean_salmon_gi,1
jare,1
sweep,1
harbour,1
residu,1
cheapest,1
armori,1
dug,1
pe,1
dup,1
brick,1
reissu,1
precursor,1
timchenko,1
rim,1
headway,1
rih,1
illinoi,1
margret,1
twofold,1
restraint,1
expressli,1
noginsk,1
propon,1
earmark,1
seward,1
schindler,1
gunfir,1
improvedbiolog,1
infract,1
huffman,1
stimul,1
kast,1
moodi,1
kryvyi,1
kwaikah,1
kkilogram,1
consciou,1
banqu,1
norvik,1
willem,1
kvitnev,1
bovan,1
cautious,1
cleantech,1
entrepreneuri,1
olaisen,1
dwight,1
chignik,1
tsukiji,1
windward,1
upheld,1
filet,1
zarya,1
cloth,1
galway,1
uncontrol,1
lifespan,1
tumultu,1
severin,1
milford,1
esco,1
tidend,1
grouper,1
nico,1
medina,1
remit,1
jorgen,1
severodonetsk,1
kerri,1
midtnorsk,1
includi,1
refsn,1
gino,1
sircilla,1
releg,1
agua,1
electron,1
weapon,1
dealt,1
rrg,1
trawl,1
acil,1
juggl,1
håkon,1
kamprand,1
prosecut,1
youngest,1
rajanna,1
johannsson,1
apk,1
motor,1
columbi,1
hisex,1
ashcroft,1
norwegian_salmon_product,1
tad,1
agrosystem,1
manish,1
vikna,1
cholera,1
normalci,1
lesion,1
monaghan,1
verlasso,1
orchestr,1
chapman,1
eurasian,1
outset,1
glen,1
capvest,1
jubile,1
gleb,1
spotifi,1
underpin,1
rybny,1
auto,1
profound,1
billa,1
feast,1
trap,1
arkansa,1
interplay,1
albertson,1
crb,1
brookdstock,1
romain,1
operational_ebitda,1
waitaki,1
footag,1
runshaug,1
nordfjord,1
echo,1
bluefront,1
stephan,1
egenbert,1
egenberg,1
sec,1
reposit,1
fish_feed,1
fowl,1
explicit,1
offtak,1
unlikelyto,1
westward,1
outstrip,1
qingkai,1
bagel,1
hr,1
ahold,1
roug,1
divert,1
trivia,1
dobroflot,1
judici,1
dens,1
inexpens,1
ho,1
mistook,1
niel,1
envisag,1
nearer,1
ear,1
operational_ebit_per_kilo,1
septicaemia,1
moen,1
vigor,1
silag,1
qb,1
ql,1
windswept,1
entrant,1
crude,1
forma,1
joh,1
mcelroy,1
delhaiz,1
bonafid,1
fjallalax,1
decent,1
trademark,1
cypress,1
norwegian_aquaculture_industri,1
sufficienc,1
chinese_market_shar,1
sebastien,1
snuck,1
thue,1
wealthi,1
collat,1
kwikwasutinuxw,1
hyperthermophil,1
sku,1
rescind,1
disproportion,1
redesign,1
unplan,1
lawson,1
church,1
panfish,1
nilsen,1
buildout,1
leak,1
miner,1
nanocapsul,1
obes,1
wesley,1
vestfjorden,1
disabl,1
gouessant,1
spiral,1
unreason,1
melhuu,1
fundi,1
retook,1
embolden,1
retool,1
nrk,1
tonseth,1
multix,1
meaningless,1
rowella,1
migro,1
irrespons,1
extort,1
agdevco,1
stephenvil,1
