2013-11-19 Investing in seafood.txt,Investing in seafood -- yes or no?
2014-11-1 Bakkafrost: Q3 was strong.txt,Bakkafrost: Q3 was strong -- but we must improve efficiency
2014-10-31 Sea lice.txt,Sea lice -- the No. 1 problem of salmon
2014-10-31 The 'Prada' of seafood.txt,The 'Prada' of seafood -- VAP is where the value is for shareholders
2014-2-10 German-Turkish partnership.txt,German-Turkish partnership -- Made in Bremen
2014-3-5 Marine Harvest.txt,Marine Harvest -- the king of everything?
2014-9-18 FAO: Global production to reach 180 million tons by 2022.txt,FAO: Global production to reach 180 million tons by 2022 -- but issues remain
"2014-9-18 Icelandic, British ties.txt","Icelandic, British ties -- linked by the sea"
2015-9-28 Standards.txt,Standards -- threat or opportunity?
"2015-10-6 Mickey Mouse, Star Wars and Frozen.txt","Mickey Mouse, Star Wars and Frozen -- Disney gets fishy"
2015-10-5 Isidro de la Cal launches fresh sushi range.txt,Isidro de la Cal launches fresh sushi range -- and can't cope with demand
2015-11-4 India aims high.txt,India aims high -- $6 billion high
2015-11-3 China.txt,China -- a seafood sector in transition
2015-11-3 Qingdao.txt,"Qingdao -- big, bigger, the biggest?"
2015-4-21 Selonda: 34 years of highs.txt,Selonda: 34 years of highs -- and lows
2015-9-23 IUU.txt,IUU -- the root of all evil
2016-2-15 From start-up to big business.txt,From start-up to big business -- Germany's PTC shows how it's done
2016-2-3 It's all about trust.txt,It's all about trust -- but how do you build it?
2016-2-1 Price.txt,Price -- not sustainability -- sells
2016-1-31 Slavery.txt,Slavery -- Thailand 'in the eye of the hurricane'
2016-3-1 Ocean acidification.txt,Ocean acidification -- the most scary fact?
2016-3-1 Sea lice.txt,Sea lice -- Norway's situation today and the future
2017-1-18 Salmon slump.txt, Salmon slump -- for some
2017-3-8 Cape hake prices jump.txt,Cape hake prices jump -- and will continue to grow
2017-3-7 Mesopelagics.txt,Mesopelagics -- the fishing industry's next frontier?
2018-5-28 Market access demands clean supply chains.txt,  Market access demands clean supply chains -- the world is watching
2018-9-13 Sea lice.txt, Sea lice -- the mother of all diseases
2020-1-23 .txt, --
2020-1-23 .txt, --
